timestamp,price,quantity
1774707683706,148,70
1774707683707,148,10
1774707683708,147,90
1774707683708,145,20
1774707683709,145,10
1774707683709,148,20
1774707683710,149,60
1774707683710,147,10
1774707683714,147,10
1774707683718,148,20
1774707683718,148,50
1774707683721,146,70
1774707683722,146,20
1774707683729,147,20
1774707683732,146,80
1774707683732,146,10
1774707683738,148,50
1774707683738,149,20
1774707683743,149,20
1774707683743,149,40
1774707683753,148,40
1774707683769,148,40
1774707683769,148,60
1774707683774,148,20
1774707683774,148,30
1774707683778,148,60
1774707683779,149,20
1774707683788,150,50
1774707683788,150,40
1774707683788,150,10
1774707683789,150,40
1774707683789,150,60
1774707683792,150,20
1774707683794,150,20
1774707683794,150,50
1774707683794,151,20
1774707683799,151,40
1774707683799,151,50
1774707683806,151,80
1774707683811,151,10
1774707683811,151,10
1774707683811,151,20
1774707683812,151,10
1774707683823,150,80
1774707683824,151,10
1774707683835,149,50
1774707683835,149,50
1774707683843,150,30
1774707683866,150,20
1774707683878,151,20
1774707683879,151,30
1774707683879,151,10
1774707683880,151,70
1774707683880,151,30
1774707683881,152,30
1774707683882,152,10
1774707683883,152,20
1774707683883,152,80
1774707683885,152,10
1774707683885,152,10
1774707683886,152,60
1774707683888,152,20
1774707683888,153,70
1774707683889,153,10
1774707683891,153,20
1774707683891,153,30
1774707683904,153,60
1774707683910,153,10
1774707683910,153,20
1774707683911,153,60
1774707683912,153,30
1774707683912,153,30
1774707683917,153,10
1774707683917,153,40
1774707683918,153,40
1774707683918,153,40
1774707683918,153,50
1774707683929,153,30
1774707683931,153,20
1774707683931,154,10
1774707683934,154,20
1774707683941,154,30
1774707683941,155,40
1774707683945,150,10
1774707683945,150,30
1774707683946,150,20
1774707683957,154,20
1774707683958,154,10
1774707683978,154,10
1774707683978,154,30
1774707683982,154,60
1774707683989,155,40
1774707683989,155,40
1774707683990,155,20
1774707683990,155,30
1774707683991,155,30
1774707683992,155,30
1774707683992,155,20
1774707683995,155,80
1774707683996,155,90
1774707684007,155,10
1774707684007,155,10
1774707684008,156,20
1774707684009,156,40
1774707684009,156,20
1774707684021,155,60
1774707684024,150,30
1774707684025,150,10
1774707684026,152,10
1774707684026,152,80
1774707684029,153,10
1774707684034,152,20
1774707684037,151,20
1774707684038,151,10
1774707684040,151,20
1774707684045,151,50
1774707684045,151,10
1774707684048,149,10
1774707684051,151,20
1774707684053,150,10
1774707684053,150,10
1774707684054,148,10
1774707684055,148,20
1774707684055,148,10
1774707684056,149,30
1774707684056,149,50
1774707684057,148,30
1774707684058,148,50
1774707684059,146,20
1774707684059,146,50
1774707684061,148,10
1774707684062,148,80
1774707684062,148,20
1774707684064,147,10
1774707684073,149,10
1774707684073,149,20
1774707684076,145,20
1774707684077,145,20
1774707684078,140,20
1774707684082,145,30
1774707684083,145,10
1774707684084,139,20
1774707684085,143,10
1774707684087,145,40
1774707684089,140,50
1774707684092,143,50
1774707684092,143,10
1774707684095,142,20
1774707684095,142,40
1774707684097,144,20
1774707684098,144,10
1774707684098,143,80
1774707684098,143,20
1774707684101,141,10
1774707684101,141,10
1774707684103,138,10
1774707684103,138,20
1774707684103,138,70
1774707684109,142,20
1774707684109,142,10
1774707684109,142,70
1774707684110,141,30
1774707684114,138,40
1774707684116,137,10
1774707684123,139,30
1774707684123,139,40
1774707684126,137,60
1774707684126,137,20
1774707684128,134,10
1774707684128,134,30
1774707684129,135,40
1774707684129,135,10
1774707684134,133,70
1774707684135,133,10
1774707684135,133,10
1774707684136,133,10
1774707684141,133,70
1774707684149,137,10
1774707684152,140,20
1774707684154,139,50
1774707684156,141,10
1774707684156,141,30
1774707684161,137,40
1774707684161,137,10
1774707684162,137,20
1774707684162,134,30
1774707684162,134,10
1774707684164,136,20
1774707684164,136,20
1774707684165,133,80
1774707684167,136,20
1774707684167,136,60
1774707684168,136,20
1774707684169,136,40
1774707684169,136,10
1774707684169,136,10
1774707684178,140,60
1774707684178,140,30
1774707684179,139,50
1774707684180,139,30
1774707684184,137,40
1774707684185,136,30
1774707684186,136,10
1774707684186,136,60
1774707684187,136,50
1774707684187,136,10
1774707684189,137,80
1774707684192,136,10
1774707684192,136,50
1774707684194,135,30
1774707684194,135,10
1774707684198,128,40
1774707684198,128,60
1774707684201,136,40
1774707684202,136,20
1774707684203,132,60
1774707684203,132,30
1774707684204,128,40
1774707684205,128,20
1774707684205,128,10
1774707684205,128,20
1774707684209,136,10
1774707684213,135,20
1774707684213,135,60
1774707684214,136,20
1774707684214,136,60
1774707684220,139,20
1774707684225,134,10
1774707684233,139,20
1774707684238,139,10
1774707684238,139,80
1774707684238,139,10
1774707684239,140,40
1774707684239,140,50
1774707684240,138,10
1774707684242,139,10
1774707684242,139,20
1774707684243,139,10
1774707684248,136,60
1774707684250,140,20
1774707684250,140,60
1774707684254,141,20
1774707684255,141,60
1774707684256,139,80
1774707684262,139,20
1774707684262,139,10
1774707684267,132,20
1774707684267,132,50
1774707684275,131,50
1774707684275,131,50
1774707684279,132,40
1774707684282,135,10
1774707684283,135,30
1774707684283,135,20
1774707684290,137,10
1774707684295,135,20
1774707684298,137,40
1774707684298,137,20
1774707684306,136,40
1774707684318,137,20
1774707684319,135,60
1774707684321,137,60
1774707684323,135,40
1774707684323,135,30
1774707684334,137,10
1774707684340,137,10
1774707684343,138,60
1774707684348,138,30
1774707684349,138,30
1774707684350,138,30
1774707684350,138,40
1774707684358,138,10
1774707684359,138,80
1774707684359,139,10
1774707684364,137,20
1774707684364,137,50
1774707684364,137,20
1774707684375,139,70
1774707684375,139,30
1774707684380,138,20
1774707684383,137,30
1774707684394,139,50
1774707684395,139,20
1774707684414,138,20
1774707684414,138,10
1774707684414,138,30
1774707684417,138,20
1774707684423,137,30
1774707684423,137,40
1774707684429,136,50
1774707684430,136,50
1774707684442,137,30
1774707684442,139,10
1774707684443,139,50
1774707684444,139,30
1774707684444,139,10
1774707684444,139,20
1774707684444,139,30
1774707684445,139,10
1774707684447,140,40
1774707684447,140,20
1774707684453,140,30
1774707684454,140,30
1774707684456,140,10
1774707684457,140,10
1774707684457,140,30
1774707684458,141,10
1774707684458,141,30
1774707684458,141,40
1774707684459,141,10
1774707684459,141,70
1774707684461,141,10
1774707684461,141,40
1774707684461,141,30
1774707684465,141,70
1774707684474,141,10
1774707684474,142,20
1774707684475,142,20
1774707684475,142,50
1774707684485,142,40
1774707684485,142,10
1774707684486,142,20
1774707684488,142,30
1774707684507,141,80
1774707684520,142,60
1774707684521,142,30
1774707684522,142,10
1774707684555,141,10
1774707684555,141,50
1774707684576,141,10
1774707684577,142,60
1774707684579,142,10
1774707684588,142,20
1774707684589,142,10
1774707684598,142,10
1774707684599,142,20
1774707684599,142,30
1774707684604,142,20
1774707684605,142,40
1774707684607,142,50
1774707684609,142,70
1774707684619,142,20
1774707684619,142,50
1774707684619,142,20
1774707684626,142,10
1774707684626,143,60
1774707684626,143,20
1774707684627,143,70
1774707684627,143,20
1774707684628,143,30
1774707684631,143,30
1774707684635,143,50
1774707684639,143,20
1774707684639,143,30
1774707684640,143,20
1774707684641,143,60
1774707684642,143,30
1774707684643,143,30
1774707684643,143,40
1774707684644,143,10
1774707684646,143,10
1774707684646,143,10
1774707684648,143,30
1774707684652,143,60
1774707684652,143,10
1774707684655,143,80
1774707684656,143,10
1774707684659,143,20
1774707684661,143,30
1774707684667,143,10
1774707684669,143,30
1774707684669,144,10
1774707684669,144,10
1774707684675,144,10
1774707684677,144,10
1774707684685,144,10
1774707684685,144,30
1774707684686,144,20
1774707684687,144,30
1774707684688,144,40
1774707684689,144,60
1774707684691,144,40
1774707684691,144,20
1774707684694,144,60
1774707684696,144,10
1774707684697,144,60
1774707684698,144,20
1774707684698,144,40
1774707684704,144,10
1774707684809,144,20
1774707684810,145,50
1774707684810,145,30
1774707684810,145,50
1774707684811,145,10
1774707684811,145,30
1774707684811,145,40
1774707684812,145,10
1774707684812,145,60
1774707684812,145,30
1774707684812,145,10
1774707684813,145,60
1774707684813,145,30
1774707684813,145,50
1774707684814,145,10
1774707684814,145,10
1774707684814,145,30
1774707684814,145,30
1774707684815,145,50
1774707684815,145,40
1774707684815,145,10
1774707684816,145,30
1774707684816,145,20
1774707684816,146,20
1774707684816,146,30
1774707684817,146,50
1774707684817,146,30
1774707684819,146,40
1774707684819,146,20
1774707684820,146,50
1774707684821,146,30
1774707684821,146,30
1774707684821,146,60
1774707684821,146,20
1774707684822,146,20
1774707684822,146,20
1774707684823,146,30
1774707684823,146,60
1774707684823,146,20
1774707684823,146,20
1774707684824,146,90
1774707684824,146,10
1774707684824,147,90
1774707684825,147,20
1774707684825,147,10
1774707684825,147,30
1774707684826,147,60
1774707684826,147,10
1774707684826,147,70
1774707684827,147,30
1774707684827,147,40
1774707684827,147,30
1774707684828,148,40
1774707684828,148,10
1774707684828,148,10
1774707684829,148,30
1774707684829,148,20
1774707684829,149,20
1774707684830,149,10
1774707684830,149,80
1774707684830,149,10
1774707684831,149,70
1774707684831,149,20
1774707684831,149,10
1774707684832,149,20
1774707684832,149,30
1774707684832,149,10
1774707684833,149,60
1774707684833,149,20
1774707684834,149,20
1774707684834,150,50
1774707684834,150,30
1774707684835,150,40
1774707684835,150,20
1774707684835,150,20
1774707684836,150,20
1774707684836,150,10
1774707684837,151,10
1774707684837,151,60
1774707684837,151,10
1774707684838,151,20
1774707684838,151,40
1774707684838,151,10
1774707684839,151,70
1774707684841,151,30
1774707684848,151,30
1774707684849,151,40
1774707684851,151,60
1774707684851,151,30
1774707684852,151,50
1774707684852,151,20
1774707684854,151,10
1774707684857,151,90
1774707684860,151,10
1774707684860,151,40
1774707684866,151,30
1774707684866,151,10
1774707684867,152,10
1774707684871,152,10
1774707684871,152,10
1774707684873,152,30
1774707684873,152,50
1774707684874,152,40
1774707684877,152,10
1774707684877,152,20
1774707684882,152,70
1774707684888,152,40
1774707684893,152,10
1774707684893,152,40
1774707684893,152,50
1774707684894,152,10
1774707684895,152,20
1774707684895,152,40
1774707684895,153,10
1774707684901,153,40
1774707684902,153,10
1774707684904,153,40
1774707684906,153,50
1774707684906,153,20
1774707684910,153,60
1774707684920,153,10
1774707684920,153,20
1774707684921,153,40
1774707684921,153,30
1774707684923,153,20
1774707684923,153,20
1774707684937,153,10
1774707684939,153,40
1774707684949,153,10
1774707684951,153,50
1774707684951,154,20
1774707684959,151,80
1774707684970,152,10
1774707684977,152,40
1774707684977,152,20
1774707684977,152,40
1774707684992,153,60
1774707684992,154,40
1774707684993,154,10
1774707684994,154,10
1774707684995,154,60
1774707684995,154,20
1774707684996,154,60
1774707684997,154,20
1774707684998,154,40
1774707685001,154,20
1774707685004,154,30
1774707685004,154,10
1774707685005,154,60
1774707685007,154,40
1774707685012,154,40
1774707685012,154,20
1774707685013,154,60
1774707685020,155,10
1774707685032,155,40
1774707685034,155,20
1774707685034,155,50
1774707685040,155,70
1774707685042,155,10
1774707685050,155,10
1774707685050,155,40
1774707685059,155,50
1774707685062,155,30
1774707685062,155,20
1774707685063,155,20
1774707685064,155,60
1774707685065,155,20
1774707685066,155,10
1774707685067,155,10
1774707685067,155,20
1774707685067,156,20
1774707685068,156,30
1774707685073,156,10
1774707685075,156,20
1774707685075,156,30
1774707685075,156,20
1774707685076,156,30
1774707685090,156,10
1774707685091,156,30
1774707685091,156,60
1774707685092,156,40
1774707685092,156,40
1774707685093,156,20
1774707685097,156,20
1774707685098,156,50
1774707685098,156,30
1774707685098,156,10
1774707685103,156,50
1774707685103,156,50
1774707685106,156,40
1774707685111,157,30
1774707685111,157,70
1774707685117,157,10
1774707685118,157,20
1774707685119,157,50
1774707685119,157,10
1774707685119,157,10
1774707685120,157,70
1774707685120,157,20
1774707685121,157,30
1774707685125,157,20
1774707685125,157,20
1774707685125,157,40
1774707685126,157,40
1774707685127,157,40
1774707685133,157,40
1774707685133,157,20
1774707685134,157,80
1774707685134,157,10
1774707685134,157,70
1774707685136,157,20
1774707685136,157,10
1774707685139,157,20
1774707685144,157,60
1774707685148,157,20
1774707685148,157,20
1774707685149,157,30
1774707685150,157,20
1774707685151,157,10
1774707685155,157,40
1774707685155,157,20
1774707685158,157,80
1774707685160,157,20
1774707685163,157,40
1774707685164,157,20
1774707685166,157,20
1774707685166,157,40
1774707685167,158,80
1774707685172,158,90
1774707685172,158,10
1774707685173,158,10
1774707685174,158,30
1774707685174,158,40
1774707685175,158,10
1774707685175,158,60
1774707685176,158,40
1774707685177,158,60
1774707685182,158,10
1774707685183,158,60
1774707685183,158,10
1774707685184,158,30
1774707685186,158,20
1774707685187,158,10
1774707685188,158,60
1774707685193,158,20
1774707685193,158,10
1774707685195,158,20
1774707685202,158,10
1774707685202,158,20
1774707685203,158,40
1774707685210,158,20
1774707685215,158,20
1774707685216,158,20
1774707685216,159,60
1774707685218,159,30
1774707685218,159,30
1774707685221,159,10
1774707685224,159,10
1774707685225,159,10
1774707685225,159,80
1774707685228,159,10
1774707685228,159,80
1774707685229,159,10
1774707685234,159,40
1774707685234,159,30
1774707685237,159,10
1774707685237,159,60
1774707685240,159,20
1774707685243,159,50
1774707685249,159,20
1774707685249,159,20
1774707685250,159,70
1774707685253,159,80
1774707685257,159,40
1774707685261,159,50
1774707685261,159,30
1774707685264,159,10
1774707685265,159,10
1774707685267,159,30
1774707685267,159,30
1774707685269,159,10
1774707685269,159,30
1774707685270,159,60
1774707685272,159,10
1774707685272,159,20
1774707685273,159,10
1774707685275,159,10
1774707685277,159,50
1774707685278,159,30
1774707685279,159,60
1774707685281,159,30
1774707685286,159,30
1774707685286,159,40
1774707685290,159,10
1774707685296,159,20
1774707685298,159,20
1774707685298,160,10
1774707685298,160,50
1774707685301,160,10
1774707685301,160,90
1774707685302,160,10
1774707685302,160,20
1774707685304,160,40
1774707685306,160,10
1774707685309,160,90
1774707685310,160,40
1774707685316,160,20
1774707685316,160,10
1774707685317,160,40
1774707685321,160,80
1774707685322,160,20
1774707685326,160,40
1774707685329,160,20
1774707685329,160,20
1774707685331,160,30
1774707685331,160,10
1774707685332,160,30
1774707685332,160,50
1774707685333,160,50
1774707685335,160,40
1774707685336,160,50
1774707685336,160,10
1774707685337,160,20
1774707685338,161,20
1774707685338,161,10
1774707685340,161,50
1774707685342,161,90
1774707685343,161,40
1774707685344,161,30
1774707685344,161,20
1774707685345,161,30
1774707685347,161,20
1774707685348,161,50
1774707685351,161,20
1774707685352,161,60
1774707685352,161,10
1774707685355,161,50
1774707685357,161,10
1774707685357,161,80
1774707685358,161,10
1774707685359,161,30
1774707685359,161,10
1774707685360,161,30
1774707685360,161,20
1774707685369,161,10
1774707685369,162,80
1774707685370,162,40
1774707685377,162,30
1774707685381,162,40
1774707685385,162,20
1774707685385,162,40
1774707685386,162,40
1774707685387,162,20
1774707685393,162,50
1774707685393,162,20
1774707685397,162,10
1774707685400,162,10
1774707685401,162,20
1774707685401,162,20
1774707685405,162,20
1774707685406,162,70
1774707685407,162,20
1774707685410,162,50
1774707685410,163,30
1774707685411,163,40
1774707685411,163,30
1774707685413,163,10
1774707685416,163,60
1774707685416,163,30
1774707685419,163,30
1774707685419,163,20
1774707685419,163,10
1774707685424,163,40
1774707685424,163,40
1774707685425,163,50
1774707685425,163,20
1774707685428,163,40
1774707685436,163,20
1774707685437,163,30
1774707685437,163,20
1774707685440,163,70
1774707685443,163,10
1774707685443,164,20
1774707685443,164,20
1774707685444,164,20
1774707685455,164,20
1774707685457,164,10
1774707685457,164,50
1774707685458,164,20
1774707685460,164,30
1774707685460,164,30
1774707685461,164,10
1774707685462,164,20
1774707685462,164,40
1774707685463,164,20
1774707685466,164,20
1774707685466,164,20
1774707685467,164,40
1774707685470,164,20
1774707685470,164,20
1774707685470,164,20
1774707685474,164,70
1774707685476,164,10
1774707685476,164,80
1774707685479,164,10
1774707685479,164,10
1774707685480,164,90
1774707685481,165,50
1774707685481,165,30
1774707685482,165,50
1774707685487,165,10
1774707685487,165,50
1774707685488,165,10
1774707685489,165,80
1774707685497,165,60
1774707685505,165,30
1774707685519,165,10
1774707685520,165,40
1774707685523,165,10
1774707685523,166,80
1774707685529,166,10
1774707685530,166,10
1774707685532,166,20
1774707685534,166,70
1774707685535,166,10
1774707685536,166,10
1774707685536,166,30
1774707685537,167,20
1774707685537,167,10
1774707685543,167,10
1774707685545,167,30
1774707685545,168,20
1774707685546,168,20
1774707685553,168,10
1774707685553,168,90
1774707685554,168,10
1774707685556,168,10
1774707685558,168,50
1774707685558,168,40
1774707685563,168,50
1774707685564,169,30
1774707685566,169,10
1774707685574,169,30
1774707685574,169,20
1774707685576,169,60
1774707685579,169,10
1774707685580,169,20
1774707685580,170,10
1774707685581,170,40
1774707685584,170,20
1774707685587,170,10
1774707685593,170,20
1774707685593,170,30
1774707685595,170,30
1774707685595,171,20
1774707685601,171,40
1774707685601,171,30
1774707685602,171,10
1774707685603,171,70
1774707685603,172,10
1774707685604,172,70
1774707685609,172,20
1774707685609,172,70
1774707685610,172,30
1774707685617,172,60
1774707685617,173,10
1774707685617,173,30
1774707685618,173,50
1774707685620,173,10
1774707685621,173,40
1774707685621,174,10
1774707685621,174,40
1774707685625,174,50
1774707685625,174,30
1774707685629,174,40
1774707685631,174,20
1774707685634,174,10
1774707685658,175,50
1774707685658,175,10
1774707685664,175,20
1774707685665,175,70
1774707685665,175,10
1774707685666,175,20
1774707685666,175,40
1774707685672,175,30
1774707685672,175,30
1774707685680,175,50
1774707685680,175,30
1774707685683,175,70
1774707685683,175,30
1774707685684,175,40
1774707685689,175,20
1774707685696,176,30
1774707685703,176,60
1774707685704,176,30
1774707685711,176,40
1774707685713,176,10
1774707685713,176,60
1774707685719,176,10
1774707685719,176,60
1774707685721,175,10
1774707685736,176,10
1774707685736,176,80
1774707685738,176,20
1774707685738,176,40
1774707685741,176,20
1774707685746,176,20
1774707685747,176,50
1774707685747,176,20
1774707685748,176,70
1774707685748,176,10
1774707685749,176,20
1774707685752,177,10
1774707685760,177,30
1774707685760,177,20
1774707685761,177,30
1774707685762,177,20
1774707685768,177,10
1774707685769,177,70
1774707685769,177,10
1774707685770,177,70
1774707685787,177,20
1774707685793,177,10
1774707685794,177,10
1774707685798,177,40
1774707685798,177,10
1774707685805,177,10
1774707685807,177,60
1774707685807,177,40
1774707685810,175,10
1774707685816,174,40
1774707685819,177,20
1774707685826,177,40
1774707685826,177,30
1774707685827,177,10
1774707685827,177,20
1774707685843,177,80
1774707685844,177,20
1774707685846,176,10
1774707685849,172,20
1774707685850,172,50
1774707685850,172,20
1774707685852,176,50
1774707685867,176,50
1774707685869,177,40
1774707685885,175,30
1774707685886,177,20
1774707685887,177,10
1774707685889,177,80
1774707685889,177,10
1774707685890,177,40
1774707685906,177,50
1774707685909,177,50
1774707685910,177,30
1774707685914,177,30
1774707685914,177,40
1774707685915,177,10
1774707685916,177,20
1774707685922,177,30
1774707685925,177,10
1774707685926,177,30
1774707685936,177,10
1774707685938,177,40
1774707685938,177,50
1774707685939,177,30
1774707685940,178,30
1774707685944,178,10
1774707685944,178,10
1774707685945,178,10
1774707685945,178,70
1774707685946,178,20
1774707685947,178,20
1774707685947,178,10
1774707685965,178,10
1774707685965,178,10
1774707685966,178,40
1774707685969,178,10
1774707685969,178,20
1774707685972,178,40
1774707685977,178,20
1774707685983,177,30
1774707685991,178,20
1774707685999,178,20
1774707686000,178,50
1774707686002,178,30
1774707686002,178,40
1774707686005,178,30
1774707686005,178,20
1774707686018,178,10
1774707686018,178,50
1774707686021,178,10
1774707686023,178,70
1774707686024,178,10
1774707686027,178,50
1774707686027,178,40
1774707686030,178,10
1774707686030,178,20
1774707686031,178,30
1774707686032,178,20
1774707686032,178,20
1774707686033,178,60
1774707686033,178,30
1774707686034,178,40
1774707686034,179,40
1774707686035,179,10
1774707686035,179,10
1774707686035,179,60
1774707686036,179,20
1774707686037,179,30
1774707686041,179,40
1774707686041,179,50
1774707686042,179,10
1774707686043,179,20
1774707686054,179,10
1774707686068,179,60
1774707686077,179,10
1774707686093,179,50
1774707686094,179,10
1774707686099,175,20
1774707686101,177,20
1774707686104,178,10
1774707686115,177,20
1774707686116,177,10
1774707686116,177,20
1774707686117,177,30
1774707686127,174,10
1774707686130,174,30
1774707686130,174,50
1774707686136,171,30
1774707686137,171,70
1774707686137,174,30
1774707686138,174,20
1774707686138,174,10
1774707686139,170,70
1774707686140,170,10
1774707686143,174,50
1774707686143,174,40
1774707686144,174,10
1774707686145,175,50
1774707686146,175,10
1774707686147,176,30
1774707686147,176,30
1774707686150,174,40
1774707686151,174,50
1774707686161,176,40
1774707686161,176,50
1774707686162,176,10
1774707686164,176,40
1774707686180,174,20
1774707686184,174,30
1774707686184,174,40
1774707686195,176,20
1774707686203,172,40
1774707686221,173,40
1774707686221,173,10
1774707686223,175,60
1774707686224,175,30
1774707686225,172,10
1774707686229,173,60
1774707686234,173,10
1774707686250,176,50
1774707686258,176,60
1774707686258,176,10
1774707686259,176,70
1774707686279,176,50
1774707686282,176,20
1774707686290,176,20
1774707686290,176,30
1774707686292,176,10
1774707686292,176,70
1774707686292,177,20
1774707686295,177,20
1774707686296,177,20
1774707686298,177,10
1774707686301,177,60
1774707686302,177,30
1774707686304,177,70
1774707686306,177,30
1774707686306,177,40
1774707686307,177,20
1774707686308,178,10
1774707686309,178,30
1774707686309,178,10
1774707686313,178,10
1774707686313,178,70
1774707686314,178,20
1774707686315,179,10
1774707686316,179,40
1774707686316,179,30
1774707686320,179,20
1774707686322,179,30
1774707686322,179,40
1774707686323,179,10
1774707686323,179,60
1774707686330,179,40
1774707686330,179,20
1774707686336,179,40
1774707686339,179,10
1774707686340,179,20
1774707686340,179,20
1774707686351,179,10
1774707686355,179,20
1774707686355,179,10
1774707686357,179,40
1774707686360,179,10
1774707686360,179,20
1774707686363,179,10
1774707686363,179,10
1774707686364,179,10
1774707686365,179,60
1774707686365,179,20
1774707686368,179,10
1774707686374,179,80
1774707686382,179,30
1774707686385,178,60
1774707686387,179,50
1774707686387,179,40
1774707686392,179,40
1774707686401,176,20
1774707686408,178,10
1774707686419,174,60
1774707686425,176,20
1774707686426,178,70
1774707686426,178,30
1774707686434,179,10
1774707686434,179,60
1774707686435,179,20
1774707686457,179,20
1774707686461,179,20
1774707686461,179,50
1774707686462,179,20
1774707686463,179,20
1774707686463,179,20
1774707686464,179,10
1774707686465,179,60
1774707686466,179,20
1774707686469,179,10
1774707686469,179,80
1774707686470,179,10
1774707686471,179,10
1774707686473,179,10
1774707686474,179,20
1774707686474,179,10
1774707686474,179,10
1774707686476,179,30
1774707686478,179,40
1774707686478,179,10
1774707686478,179,20
1774707686483,179,60
1774707686483,179,30
1774707686483,179,10
1774707686484,179,60
1774707686485,179,10
1774707686492,179,20
1774707686494,179,20
1774707686502,179,40
1774707686503,179,10
1774707686504,179,10
1774707686505,179,10
1774707686508,179,40
1774707686509,179,10
1774707686512,179,20
1774707686517,179,10
1774707686518,179,70
1774707686520,179,30
1774707686521,179,20
1774707686521,179,10
1774707686522,179,60
1774707686525,179,10
1774707686527,179,10
1774707686527,179,20
1774707686532,179,10
1774707686533,180,30
1774707686538,180,70
1774707686538,180,20
1774707686541,180,50
1774707686543,180,20
1774707686543,180,50
1774707686544,180,20
1774707686544,180,20
1774707686545,180,20
1774707686549,180,60
1774707686558,180,50
1774707686560,180,10
1774707686569,180,20
1774707686572,180,60
1774707686574,180,20
1774707686575,180,10
1774707686576,180,60
1774707686576,180,20
1774707686580,180,40
1774707686582,180,60
1774707686586,180,30
1774707686588,180,50
1774707686595,180,20
1774707686595,180,30
1774707686596,180,10
1774707686599,180,20
1774707686600,180,20
1774707686600,180,30
1774707686603,180,50
1774707686604,180,20
1774707686605,180,30
1774707686605,180,10
1774707686606,180,30
1774707686606,180,30
1774707686607,180,30
1774707686607,180,10
1774707686607,180,30
1774707686608,180,10
1774707686610,180,40
1774707686611,180,20
1774707686612,180,50
1774707686612,180,10
1774707686613,180,10
1774707686613,180,10
1774707686616,180,20
1774707686616,180,50
1774707686618,180,50
1774707686618,180,50
1774707686621,180,40
1774707686621,180,50
1774707686621,180,10
1774707686623,180,20
1774707686626,180,20
1774707686627,180,60
1774707686627,180,40
1774707686628,180,10
1774707686628,180,20
1774707686630,180,50
1774707686632,180,30
1774707686633,180,30
1774707686638,180,20
1774707686639,180,10
1774707686639,180,50
1774707686640,180,20
1774707686643,180,30
1774707686646,180,70
1774707686646,180,30
1774707686652,180,40
1774707686653,180,50
1774707686654,180,30
1774707686654,180,10
1774707686655,180,50
1774707686656,180,10
1774707686658,180,30
1774707686658,180,50
1774707686666,180,20
1774707686667,180,20
1774707686667,180,60
1774707686669,180,30
1774707686671,180,10
1774707686671,181,30
1774707686673,181,40
1774707686674,181,30
1774707686674,181,10
1774707686675,181,20
1774707686675,181,40
1774707686676,181,50
1774707686676,181,10
1774707686679,181,10
1774707686679,181,10
1774707686681,181,20
1774707686682,181,20
1774707686682,181,50
1774707686685,181,40
1774707686686,181,10
1774707686686,181,30
1774707686689,181,80
1774707686692,181,10
1774707686693,181,20
1774707686694,181,40
1774707686697,181,10
1774707686698,181,70
1774707686699,181,20
1774707686703,181,10
1774707686708,181,70
1774707686709,181,20
1774707686710,181,30
1774707686710,181,10
1774707686710,181,20
1774707686712,181,40
1774707686713,181,50
1774707686717,181,20
1774707686717,181,20
1774707686718,181,20
1774707686722,181,10
1774707686722,181,40
1774707686723,181,30
1774707686724,181,70
1774707686724,181,20
1774707686727,181,50
1774707686727,181,50
1774707686728,181,30
1774707686728,181,70
1774707686731,181,10
1774707686732,181,20
1774707686733,181,40
1774707686733,181,10
1774707686734,181,10
1774707686735,181,20
1774707686738,181,50
1774707686738,181,50
1774707686739,181,20
1774707686740,181,30
1774707686740,181,20
1774707686741,181,30
1774707686742,181,10
1774707686744,181,30
1774707686747,181,40
1774707686747,182,10
1774707686748,182,50
1774707686758,182,20
1774707686758,182,40
1774707686759,182,50
1774707686760,182,20
1774707686762,182,60
1774707686763,182,30
1774707686768,182,50
1774707686769,182,50
1774707686770,182,20
1774707686776,182,30
1774707686777,182,50
1774707686779,182,40
1774707686780,182,20
1774707686780,182,10
1774707686780,182,30
1774707686781,182,40
1774707686782,182,40
1774707686784,182,80
1774707686786,182,70
1774707686789,182,20
1774707686792,182,50
1774707686795,182,10
1774707686796,182,20
1774707686796,182,60
1774707686796,182,10
1774707686799,182,60
1774707686800,182,10
1774707686802,182,30
1774707686802,182,30
1774707686809,182,10
1774707686810,182,10
1774707686813,182,30
1774707686813,182,30
1774707686815,182,70
1774707686816,182,70
1774707686822,182,10
1774707686823,182,20
1774707686823,182,30
1774707686825,182,30
1774707686827,182,60
1774707686827,182,20
1774707686830,182,50
1774707686835,182,30
1774707686835,182,20
1774707686835,182,30
1774707686836,182,20
1774707686837,182,20
1774707686839,182,50
1774707686840,182,20
1774707686843,182,50
1774707686844,182,10
1774707686845,182,60
1774707686845,182,20
1774707686847,182,70
1774707686847,183,10
1774707686849,183,40
1774707686852,183,20
1774707686852,183,70
1774707686855,183,30
1774707686855,183,10
1774707686857,183,50
1774707686858,183,40
1774707686858,183,40
1774707686860,183,20
1774707686860,183,10
1774707686860,183,40
1774707686861,183,30
1774707686870,183,10
1774707686871,183,10
1774707686872,183,60
1774707686874,183,30
1774707686879,183,20
1774707686880,183,40
1774707686881,183,30
1774707686883,183,40
1774707686885,183,50
1774707686886,183,10
1774707686887,183,10
1774707686887,183,50
1774707686887,183,20
1774707686890,183,20
1774707686891,183,10
1774707686891,183,30
1774707686892,183,20
1774707686897,183,30
1774707686898,183,10
1774707686907,183,20
1774707686908,183,50
1774707686910,183,60
1774707686910,183,40
1774707686911,183,30
1774707686913,183,30
1774707686913,183,20
1774707686917,183,60
1774707686918,183,30
1774707686919,183,60
1774707686919,183,10
1774707686920,183,40
1774707686921,183,20
1774707686922,183,60
1774707686928,183,10
1774707686929,183,20
1774707686930,183,50
1774707686932,183,30
1774707686932,183,50
1774707686935,183,40
1774707686936,183,10
1774707686936,183,50
1774707686937,183,30
1774707686938,183,50
1774707686938,183,40
1774707686942,183,20
1774707686943,184,40
1774707686943,184,20
1774707686944,184,10
1774707686944,184,60
1774707686944,184,20
1774707686944,184,10
1774707686945,184,50
1774707686950,184,30
1774707686959,184,50
1774707686960,184,10
1774707686961,184,20
1774707686962,184,40
1774707686962,184,20
1774707686965,184,10
1774707686965,184,40
1774707686969,184,10
1774707686970,184,10
1774707686971,184,70
1774707686974,184,20
1774707686979,184,10
1774707686981,184,20
1774707686988,184,30
1774707686993,184,40
1774707686998,184,20
1774707686999,184,10
1774707686999,184,10
1774707686999,184,50
1774707687000,184,20
1774707687000,184,10
1774707687000,184,40
1774707687000,184,10
1774707687004,184,10
1774707687006,184,70
1774707687007,184,20
1774707687009,184,20
1774707687010,184,30
1774707687012,184,30
1774707687013,184,50
1774707687016,184,10
1774707687016,184,10
1774707687017,184,80
1774707687017,184,10
1774707687030,184,50
1774707687031,184,20
1774707687031,184,10
1774707687032,184,30
1774707687033,184,10
1774707687035,184,10
1774707687036,184,40
1774707687036,184,50
1774707687037,184,10
1774707687039,184,30
1774707687040,184,70
1774707687041,184,50
1774707687041,184,20
1774707687041,184,20
1774707687042,184,40
1774707687044,184,20
1774707687044,184,50
1774707687047,184,30
1774707687051,184,50
1774707687051,184,20
1774707687052,184,20
1774707687054,184,10
1774707687055,184,70
1774707687056,184,20
1774707687057,184,70
1774707687057,185,30
1774707687060,185,30
1774707687060,185,20
1774707687064,185,40
1774707687064,185,40
1774707687067,185,30
1774707687067,185,30
1774707687068,185,30
1774707687070,185,30
1774707687071,185,30
1774707687073,185,10
1774707687086,185,40
1774707687092,185,10
1774707687092,185,60
1774707687092,185,20
1774707687096,185,60
1774707687096,185,20
1774707687098,185,50
1774707687099,185,40
1774707687104,185,10
1774707687106,185,30
1774707687109,185,40
1774707687112,185,10
1774707687113,185,40
1774707687115,185,20
1774707687115,185,30
1774707687116,185,30
1774707687120,185,50
1774707687120,185,10
1774707687128,185,60
1774707687130,185,20
1774707687131,185,20
1774707687132,185,10
1774707687132,185,30
1774707687133,185,20
1774707687133,185,20
1774707687134,185,20
1774707687136,185,40
1774707687136,185,30
1774707687137,185,10
1774707687137,185,10
1774707687141,185,60
1774707687149,185,20
1774707687152,185,70
1774707687155,185,30
1774707687155,185,30
1774707687156,185,20
1774707687156,185,40
1774707687157,186,20
1774707687162,186,50
1774707687163,186,30
1774707687163,186,50
1774707687166,186,30
1774707687168,186,20
1774707687168,186,60
1774707687168,186,10
1774707687169,186,10
1774707687176,186,60
1774707687176,186,10
1774707687176,186,30
1774707687181,186,70
1774707687182,186,20
1774707687185,186,70
1774707687187,186,10
1774707687190,186,20
1774707687194,186,50
1774707687194,186,30
1774707687195,186,70
1774707687195,186,10
1774707687196,186,80
1774707687198,186,50
1774707687198,186,30
1774707687199,186,20
1774707687200,186,60
1774707687204,186,10
1774707687205,186,40
1774707687207,186,40
1774707687208,186,20
1774707687208,186,20
1774707687211,186,50
1774707687212,186,30
1774707687214,186,60
1774707687217,186,10
1774707687217,186,70
1774707687218,186,20
1774707687218,186,10
1774707687220,186,10
1774707687220,186,70
1774707687221,186,20
1774707687229,186,10
1774707687247,186,20
1774707687250,186,10
1774707687250,187,20
1774707687251,187,20
1774707687252,187,30
1774707687253,187,20
1774707687257,187,30
1774707687257,187,10
1774707687258,187,20
1774707687262,187,10
1774707687262,187,40
1774707687265,187,30
1774707687266,187,10
1774707687268,187,40
1774707687269,187,10
1774707687270,187,20
1774707687273,187,50
1774707687275,187,20
1774707687276,187,10
1774707687279,187,30
1774707687284,187,40
1774707687285,187,10
1774707687286,187,70
1774707687289,187,30
1774707687290,187,20
1774707687290,187,10
1774707687291,187,60
1774707687292,187,20
1774707687292,187,50
1774707687293,188,40
1774707687295,188,30
1774707687296,188,20
1774707687297,188,20
1774707687298,188,10
1774707687298,188,40
1774707687301,188,10
1774707687310,188,20
1774707687312,188,80
1774707687314,188,50
1774707687314,188,20
1774707687314,188,10
1774707687322,188,90
1774707687325,188,70
1774707687326,188,10
1774707687328,188,20
1774707687336,188,60
1774707687337,189,10
1774707687337,189,10
1774707687338,189,30
1774707687339,189,30
1774707687340,189,10
1774707687341,189,10
1774707687341,189,50
1774707687343,189,20
1774707687344,189,20
1774707687345,189,70
1774707687347,189,30
1774707687349,189,20
1774707687350,189,20
1774707687351,189,10
1774707687351,189,60
1774707687356,189,40
1774707687356,189,30
1774707687357,189,10
1774707687359,189,20
1774707687359,190,10
1774707687360,190,30
1774707687365,190,60
1774707687365,190,10
1774707687366,190,30
1774707687369,190,20
1774707687370,190,10
1774707687371,191,30
1774707687373,191,40
1774707687374,191,20
1774707687381,191,20
1774707687382,191,20
1774707687383,191,50
1774707687384,191,10
1774707687385,192,50
1774707687389,192,50
1774707687390,193,30
1774707687390,193,20
1774707687390,193,10
1774707687392,193,20
1774707687393,193,20
1774707687394,193,60
1774707687395,193,10
1774707687395,193,70
1774707687397,193,20
1774707687397,194,40
1774707687399,195,40
1774707687399,195,60
1774707687403,195,40
1774707687404,195,30
1774707687405,196,40
1774707687406,196,20
1774707687407,196,20
1774707687408,196,20
1774707687414,196,40
1774707687418,196,10
1774707687419,196,10
1774707687421,196,10
1774707687421,197,80
1774707687421,197,10
1774707687422,197,60
1774707687423,197,20
1774707687431,197,40
1774707687431,197,60
1774707687434,198,60
1774707687435,198,20
1774707687437,198,40
1774707687438,198,30
1774707687441,198,20
1774707687450,198,40
1774707687452,198,40
1774707687452,198,20
1774707687457,198,20
1774707687458,198,10
1774707687460,198,20
1774707687462,198,60
1774707687468,198,10
1774707687468,199,60
1774707687470,199,20
1774707687470,199,60
1774707687473,199,20
1774707687473,199,20
1774707687474,199,30
1774707687479,199,10
1774707687481,199,20
1774707687481,199,70
1774707687482,200,10
1774707687482,200,20
1774707687483,200,20
1774707687487,200,80
1774707687487,200,10
1774707687488,200,20
1774707687496,200,20
1774707687499,200,70
1774707687499,200,10
1774707687505,199,20
1774707687509,200,30
1774707687512,200,20
1774707687512,200,10
1774707687530,197,20
1774707687530,197,20
1774707687535,199,30
1774707687535,199,40
1774707687541,198,50
1774707687547,194,20
1774707687547,194,20
1774707687548,194,10
1774707687548,194,10
1774707687549,194,30
1774707687556,191,50
1774707687557,191,50
1774707687558,191,10
1774707687559,191,40
1774707687559,191,20
1774707687559,191,20
1774707687560,190,20
1774707687560,190,20
1774707687566,193,20
1774707687569,187,30
1774707687571,191,20
1774707687573,190,10
1774707687573,190,40
1774707687576,191,30
1774707687578,190,30
1774707687579,190,10
1774707687581,185,60
1774707687582,188,10
1774707687582,188,50
1774707687583,188,10
1774707687584,190,20
1774707687584,190,20
1774707687584,190,60
1774707687587,189,30
1774707687588,189,20
1774707687595,190,20
1774707687603,188,20
1774707687604,188,40
1774707687604,188,50
1774707687609,188,10
1774707687609,188,90
1774707687617,187,90
1774707687619,187,30
1774707687631,187,10
1774707687632,187,30
1774707687632,187,10
1774707687632,187,10
1774707687646,185,20
1774707687653,188,10
1774707687654,186,30
1774707687664,188,30
1774707687665,188,50
1774707687669,189,20
1774707687672,189,10
1774707687673,189,10
1774707687673,190,10
1774707687674,190,10
1774707687674,190,30
1774707687676,190,30
1774707687683,190,90
1774707687686,190,50
1774707687688,191,50
1774707687688,191,10
1774707687688,191,10
1774707687689,192,20
1774707687690,192,20
1774707687691,192,70
1774707687691,192,10
1774707687696,192,60
1774707687696,193,40
1774707687698,193,10
1774707687702,193,30
1774707687703,193,10
1774707687704,193,30
1774707687705,193,20
1774707687706,194,30
1774707687707,194,20
1774707687707,194,40
1774707687711,194,60
1774707687712,197,40
1774707687713,197,40
1774707687715,197,50
1774707687720,197,10
1774707687720,198,40
1774707687720,199,10
1774707687723,196,50
1774707687740,199,50
1774707687747,199,30
1774707687751,199,90
1774707687751,199,10
1774707687754,199,30
1774707687754,199,60
1774707687757,200,50
1774707687758,200,40
1774707687759,200,30
1774707687761,200,20
1774707687761,200,10
1774707687773,200,10
1774707687774,200,30
1774707687780,200,70
1774707687782,200,10
1774707687786,200,50
1774707687787,200,50
1774707687788,200,30
1774707687788,201,30
1774707687788,201,10
1774707687791,201,50
1774707687793,201,10
1774707687810,198,20
1774707687811,198,10
1774707687811,198,40
1774707687812,198,30
1774707687812,201,80
1774707687832,199,10
1774707687834,199,30
1774707687836,199,10
1774707687848,199,60
1774707687848,199,10
1774707687851,197,30
1774707687851,197,40
1774707687881,199,10
1774707687884,200,10
1774707687885,200,80
1774707687887,200,10
1774707687888,200,50
1774707687888,200,20
1774707687889,201,20
1774707687889,201,10
1774707687898,201,40
1774707687899,201,10
1774707687900,201,10
1774707687900,201,50
1774707687900,201,30
1774707687901,201,90
1774707687903,201,10
1774707687904,201,30
1774707687906,201,60
1774707687907,201,30
1774707687909,201,10
1774707687910,201,40
1774707687911,201,20
1774707687911,201,40
1774707687912,201,40
1774707687912,201,10
1774707687919,201,20
1774707687922,201,50
1774707687925,201,50
1774707687926,202,10
1774707687928,202,90
1774707687935,202,90
1774707687944,202,60
1774707687944,202,30
1774707687947,202,50
1774707687952,202,50
1774707687954,202,40
1774707687955,202,70
1774707687955,202,10
1774707687957,202,90
1774707687958,202,10
1774707687961,202,40
1774707687962,202,40
1774707687963,201,20
1774707687963,201,50
1774707687983,202,10
1774707687983,202,50
1774707688000,199,10
1774707688002,200,60
1774707688005,200,10
1774707688005,200,50
1774707688008,197,10
1774707688008,197,20
1774707688011,200,30
1774707688011,200,40
1774707688015,200,20
1774707688015,200,30
1774707688021,199,20
1774707688025,200,30
1774707688026,200,50
1774707688027,198,20
1774707688027,198,30
1774707688027,198,10
1774707688038,197,10
1774707688041,199,10
1774707688042,199,80
1774707688045,197,50
1774707688054,196,50
1774707688056,198,40
1774707688057,198,10
1774707688057,198,10
1774707688067,196,60
1774707688067,196,20
1774707688068,196,10
1774707688070,197,40
1774707688077,197,20
1774707688077,197,50
1774707688078,194,40
1774707688079,194,50
1774707688081,197,30
1774707688082,197,60
1774707688083,195,10
1774707688083,195,30
1774707688084,196,50
1774707688085,196,10
1774707688086,194,30
1774707688089,192,60
1774707688089,192,30
1774707688092,195,20
1774707688095,196,40
1774707688099,193,10
1774707688099,193,20
1774707688103,194,10
1774707688104,194,40
1774707688104,194,30
1774707688104,194,10
1774707688105,191,20
1774707688116,197,80
1774707688134,197,10
1774707688140,197,10
1774707688143,195,10
1774707688143,195,20
1774707688144,195,40
1774707688146,194,10
1774707688147,194,10
1774707688149,196,20
1774707688149,196,30
1774707688172,197,60
1774707688174,198,10
1774707688175,198,10
1774707688203,198,20
1774707688206,198,20
1774707688209,198,10
1774707688210,198,50
1774707688212,198,20
1774707688212,198,10
1774707688215,198,10
1774707688216,199,50
1774707688216,199,40
1774707688225,199,10
1774707688228,199,40
1774707688228,199,10
1774707688229,199,30
1774707688232,199,10
1774707688236,199,30
1774707688240,199,20
1774707688241,199,50
1774707688242,199,10
1774707688242,199,10
1774707688243,199,20
1774707688247,199,70
1774707688247,199,20
1774707688248,199,70
1774707688249,199,10
1774707688250,200,10
1774707688251,200,20
1774707688254,200,60
1774707688256,200,10
1774707688257,200,50
1774707688259,198,10
1774707688268,197,10
1774707688269,197,50
1774707688280,198,70
1774707688281,198,20
1774707688295,200,20
1774707688296,200,50
1774707688296,200,10
1774707688297,200,10
1774707688297,200,40
1774707688298,200,10
1774707688298,200,10
1774707688299,200,80
1774707688303,200,10
1774707688304,200,40
1774707688306,200,50
1774707688306,200,50
1774707688307,200,40
1774707688307,200,30
1774707688312,200,40
1774707688317,200,20
1774707688317,200,80
1774707688318,200,20
1774707688320,200,60
1774707688321,200,30
1774707688322,200,70
1774707688323,200,10
1774707688323,200,20
1774707688326,200,60
1774707688333,201,20
1774707688333,201,50
1774707688333,201,20
1774707688339,201,40
1774707688340,201,40
1774707688341,201,30
1774707688345,201,10
1774707688345,201,50
1774707688346,201,20
1774707688346,201,10
1774707688346,201,30
1774707688349,201,30
1774707688349,201,40
1774707688370,201,20
1774707688371,201,20
1774707688377,201,10
1774707688384,201,10
1774707688389,202,30
1774707688389,202,50
1774707688401,202,50
1774707688402,202,20
1774707688403,202,10
1774707688403,202,10
1774707688407,202,10
1774707688412,202,50
1774707688433,201,50
1774707688433,201,30
1774707688455,200,30
1774707688456,200,10
1774707688461,201,60
1774707688466,200,10
1774707688466,200,60
1774707688474,200,10
1774707688483,202,10
1774707688484,202,40
1774707688484,202,10
1774707688490,202,30
1774707688521,202,30
1774707688524,202,40
1774707688525,202,30
1774707688526,202,40
1774707688526,202,30
1774707688531,202,20
1774707688538,202,50
1774707688539,202,20
1774707688541,202,30
1774707688542,202,20
1774707688543,202,10
1774707688554,202,40
1774707688557,202,30
1774707688557,202,50
1774707688565,200,10
1774707688579,200,20
1774707688580,200,30
1774707688584,201,30
1774707688584,201,30
1774707688586,198,60
1774707688587,195,20
1774707688587,195,10
1774707688600,198,40
1774707688601,198,10
1774707688603,196,40
1774707688605,194,70
1774707688605,194,10
1774707688613,194,30
1774707688613,194,10
1774707688614,194,50
1774707688618,196,20
1774707688618,196,10
1774707688618,196,10
1774707688619,196,40
1774707688619,196,10
1774707688621,196,10
1774707688622,196,20
1774707688622,196,30
1774707688623,192,30
1774707688623,192,30
1774707688623,192,10
1774707688625,191,50
1774707688626,191,40
1774707688628,194,40
1774707688629,196,10
1774707688629,196,70
1774707688630,196,10
1774707688630,193,90
1774707688632,194,10
1774707688633,193,60
1774707688635,196,20
1774707688635,196,10
1774707688636,196,30
1774707688636,196,30
1774707688637,198,20
1774707688641,197,50
1774707688642,197,30
1774707688644,194,10
1774707688646,198,40
1774707688646,198,30
1774707688648,193,60
1774707688648,193,30
1774707688651,194,10
1774707688654,194,50
1774707688654,194,10
1774707688655,194,20
1774707688655,194,10
1774707688657,196,20
1774707688657,196,30
1774707688657,196,20
1774707688658,196,10
1774707688663,194,20
1774707688664,194,20
1774707688666,196,20
1774707688666,196,20
1774707688668,195,50
1774707688668,195,10
1774707688669,194,40
1774707688677,194,20
1774707688680,198,30
1774707688696,198,30
1774707688719,200,70
1774707688719,200,20
1774707688721,200,30
1774707688723,200,10
1774707688723,201,30
1774707688724,201,40
1774707688732,201,30
1774707688732,201,10
1774707688740,201,10
1774707688741,201,70
1774707688742,201,30
1774707688743,201,30
1774707688743,201,20
1774707688744,201,30
1774707688746,201,10
1774707688749,201,90
1774707688751,202,10
1774707688751,202,20
1774707688753,202,50
1774707688753,202,10
1774707688754,202,40
1774707688754,202,10
1774707688754,202,30
1774707688757,202,70
1774707688757,202,30
1774707688758,202,20
1774707688760,202,10
1774707688760,202,20
1774707688761,202,20
1774707688762,202,10
1774707688766,202,60
1774707688768,202,20
1774707688769,202,10
1774707688771,202,10
1774707688776,202,50
1774707688782,202,30
1774707688783,202,10
1774707688787,202,40
1774707688802,202,20
1774707688802,202,40
1774707688808,202,40
1774707688809,202,20
1774707688811,202,40
1774707688812,202,60
1774707688813,202,10
1774707688816,202,60
1774707688816,202,40
1774707688817,202,10
1774707688818,202,10
1774707688818,202,60
1774707688819,202,10
1774707688819,202,40
1774707688822,202,10
1774707688823,202,40
1774707688823,202,10
1774707688835,202,10
1774707688835,202,10
1774707688835,202,10
1774707688836,202,20
1774707688837,202,60
1774707688838,202,20
1774707688840,202,30
1774707688848,202,10
1774707688849,202,10
1774707688859,202,30
1774707688862,202,20
1774707688862,202,40
1774707688863,202,30
1774707688864,202,20
1774707688864,202,30
1774707688868,202,70
1774707688869,202,30
1774707688881,200,10
1774707688882,200,30
1774707688882,200,40
1774707688883,199,10
1774707688883,199,30
1774707688886,199,40
1774707688886,199,10
1774707688890,200,20
1774707688897,201,10
1774707688903,202,40
1774707688904,202,60
1774707688906,202,20
1774707688907,203,60
1774707688908,203,30
1774707688917,202,10
1774707688924,200,50
1774707688924,200,20
1774707688935,202,20
1774707688946,202,40
1774707688947,203,10
1774707688947,203,10
1774707688952,203,50
1774707688953,203,30
1774707688960,203,20
1774707688961,203,30
1774707688962,203,10
1774707688963,203,70
1774707688964,203,10
1774707688964,203,80
1774707688965,203,10
1774707688968,203,10
1774707688969,203,30
1774707688971,203,60
1774707688972,203,10
1774707688972,203,10
1774707688976,203,30
1774707688976,203,10
1774707688977,203,10
1774707688981,203,20
1774707688983,203,20
1774707688983,203,50
1774707688984,203,20
1774707688984,203,10
1774707688985,203,20
1774707688985,203,20
1774707688986,203,60
1774707688988,203,40
1774707688988,203,10
1774707688988,203,30
1774707688992,203,10
1774707688992,203,30
1774707688994,203,30
1774707688994,203,50
1774707688995,203,70
1774707688996,203,20
1774707688997,203,20
1774707688999,203,20
1774707688999,203,30
1774707689000,203,20
1774707689000,203,10
1774707689001,203,30
1774707689003,203,30
1774707689004,203,70
1774707689008,203,10
1774707689009,203,30
1774707689010,203,20
1774707689015,203,20
1774707689015,203,60
1774707689026,203,10
1774707689026,203,60
1774707689029,203,20
1774707689029,203,50
1774707689029,203,10
1774707689032,203,10
1774707689032,203,10
1774707689035,203,10
1774707689035,203,10
1774707689036,203,40
1774707689037,203,40
1774707689038,203,20
1774707689040,203,40
1774707689040,203,20
1774707689043,203,20
1774707689043,203,70
1774707689046,203,10
1774707689047,203,10
1774707689048,203,60
1774707689048,203,40
1774707689052,203,60
1774707689053,203,30
1774707689055,203,20
1774707689055,204,60
1774707689056,204,20
1774707689067,204,50
1774707689068,204,50
1774707689068,204,30
1774707689069,204,40
1774707689069,204,20
1774707689070,204,30
1774707689071,204,40
1774707689072,204,60
1774707689076,204,10
1774707689078,204,40
1774707689084,204,10
1774707689088,204,20
1774707689088,204,10
1774707689090,204,50
1774707689090,204,10
1774707689091,204,10
1774707689091,204,60
1774707689091,204,10
1774707689094,204,50
1774707689096,204,30
1774707689097,204,10
1774707689100,204,20
1774707689101,204,50
1774707689102,204,10
1774707689103,204,30
1774707689104,204,60
1774707689104,204,20
1774707689107,204,10
1774707689107,204,20
1774707689108,204,20
1774707689112,204,10
1774707689113,204,20
1774707689113,204,10
1774707689118,204,30
1774707689119,204,50
1774707689120,204,50
1774707689123,204,10
1774707689124,204,30
1774707689124,204,50
1774707689127,204,20
1774707689127,204,60
1774707689128,204,20
1774707689129,204,50
1774707689130,204,10
1774707689131,204,20
1774707689134,204,20
1774707689134,204,10
1774707689135,204,40
1774707689135,204,10
1774707689136,204,10
1774707689141,204,40
1774707689142,204,20
1774707689142,204,20
1774707689143,204,40
1774707689143,204,20
1774707689143,204,20
1774707689146,204,30
1774707689154,204,20
1774707689155,204,30
1774707689159,204,10
1774707689159,204,30
1774707689160,204,30
1774707689160,204,10
1774707689166,204,10
1774707689167,204,60
1774707689167,204,10
1774707689170,204,20
1774707689170,204,20
1774707689177,204,60
1774707689178,204,20
1774707689179,204,70
1774707689184,204,50
1774707689185,204,50
1774707689186,204,80
1774707689186,204,20
1774707689187,204,30
1774707689187,204,40
1774707689188,204,20
1774707689188,204,10
1774707689203,204,30
1774707689209,204,10
1774707689210,204,60
1774707689210,204,30
1774707689210,204,20
1774707689211,205,60
1774707689211,205,10
1774707689211,205,10
1774707689213,205,10
1774707689214,205,60
1774707689214,205,20
1774707689215,205,10
1774707689216,205,60
1774707689217,205,10
1774707689223,205,10
1774707689224,205,20
1774707689229,205,30
1774707689231,205,20
1774707689232,205,30
1774707689232,205,20
1774707689232,205,60
1774707689233,205,30
1774707689234,205,50
1774707689235,205,20
1774707689237,205,30
1774707689240,205,40
1774707689254,205,40
1774707689254,205,60
1774707689256,205,10
1774707689256,205,40
1774707689257,205,30
1774707689264,205,20
1774707689267,205,30
1774707689270,205,10
1774707689273,205,10
1774707689273,205,70
1774707689275,205,60
1774707689278,205,10
1774707689280,205,10
1774707689280,205,60
1774707689281,205,30
1774707689281,205,20
1774707689282,205,30
1774707689287,205,20
1774707689288,205,20
1774707689288,205,20
1774707689292,205,30
1774707689294,205,30
1774707689294,205,10
1774707689295,205,50
1774707689297,205,10
1774707689297,205,40
1774707689299,205,10
1774707689300,205,20
1774707689300,205,20
1774707689302,205,30
1774707689302,205,30
1774707689303,205,70
1774707689303,205,20
1774707689307,205,30
1774707689307,205,50
1774707689313,205,10
1774707689314,205,90
1774707689316,205,10
1774707689323,205,10
1774707689325,205,10
1774707689329,205,80
1774707689330,205,90
1774707689335,205,40
1774707689339,205,60
1774707689340,205,30
1774707689340,205,30
1774707689341,205,20
1774707689341,205,50
1774707689343,205,10
1774707689348,205,30
1774707689348,205,30
1774707689349,205,10
1774707689349,205,30
1774707689350,205,70
1774707689352,205,60
1774707689353,205,30
1774707689355,205,20
1774707689356,205,30
1774707689357,206,50
1774707689361,206,20
1774707689361,206,50
1774707689362,206,10
1774707689363,206,20
1774707689366,206,30
1774707689371,206,20
1774707689371,206,30
1774707689372,206,10
1774707689372,206,40
1774707689373,206,60
1774707689376,206,30
1774707689376,206,60
1774707689377,206,10
1774707689378,206,70
1774707689382,206,20
1774707689382,206,10
1774707689382,206,50
1774707689383,206,10
1774707689384,206,30
1774707689385,206,30
1774707689390,206,40
1774707689393,206,10
1774707689393,206,60
1774707689393,206,10
1774707689396,206,60
1774707689397,206,10
1774707689403,206,20
1774707689404,206,50
1774707689404,206,20
1774707689410,206,20
1774707689411,206,70
1774707689411,206,10
1774707689415,206,10
1774707689415,206,10
1774707689416,206,30
1774707689418,206,20
1774707689418,206,30
1774707689419,206,40
1774707689423,206,10
1774707689423,206,30
1774707689424,206,50
1774707689424,206,10
1774707689429,206,20
1774707689430,206,10
1774707689430,206,60
1774707689431,206,10
1774707689431,206,20
1774707689432,206,30
1774707689432,206,50
1774707689433,206,50
1774707689434,206,10
1774707689437,206,30
1774707689438,206,60
1774707689438,206,10
1774707689438,206,60
1774707689439,206,30
1774707689443,206,40
1774707689443,206,40
1774707689445,206,60
1774707689445,207,20
1774707689446,207,10
1774707689447,207,50
1774707689450,207,10
1774707689450,207,10
1774707689451,207,50
1774707689454,207,80
1774707689456,207,60
1774707689459,207,40
1774707689462,207,20
1774707689464,207,30
1774707689467,207,50
1774707689467,207,40
1774707689469,207,70
1774707689470,207,30
1774707689470,207,20
1774707689472,207,20
1774707689472,207,80
1774707689473,207,10
1774707689479,207,50
1774707689482,207,40
1774707689482,207,50
1774707689484,207,30
1774707689486,207,20
1774707689487,207,50
1774707689489,207,10
1774707689492,207,30
1774707689493,207,20
1774707689494,207,40
1774707689494,207,30
1774707689500,207,20
1774707689500,207,10
1774707689501,207,50
1774707689504,207,80
1774707689506,207,10
1774707689506,207,30
1774707689507,207,10
1774707689507,207,40
1774707689508,207,30
1774707689511,207,10
1774707689511,207,40
1774707689511,207,20
1774707689511,207,10
1774707689513,207,50
1774707689513,207,20
1774707689514,207,10
1774707689520,207,20
1774707689521,207,70
1774707689523,207,20
1774707689524,207,80
1774707689527,207,10
1774707689527,207,40
1774707689527,207,20
1774707689530,207,40
1774707689530,207,20
1774707689533,207,10
1774707689537,207,20
1774707689540,207,30
1774707689541,207,40
1774707689544,207,40
1774707689544,207,60
1774707689552,207,20
1774707689552,207,40
1774707689552,207,10
1774707689555,207,50
1774707689555,207,20
1774707689556,207,70
1774707689558,207,10
1774707689558,207,30
1774707689561,207,10
1774707689562,207,70
1774707689562,207,10
1774707689565,207,60
1774707689566,207,30
1774707689566,207,20
1774707689566,207,20
1774707689569,207,40
1774707689570,207,40
1774707689571,207,30
1774707689571,207,20
1774707689572,207,40
1774707689576,207,20
1774707689576,207,60
1774707689576,207,10
1774707689577,207,20
1774707689577,207,20
1774707689578,207,10
1774707689585,207,50
1774707689585,207,20
1774707689586,207,10
1774707689588,207,20
1774707689591,207,40
1774707689591,207,10
1774707689592,207,50
1774707689592,207,30
1774707689593,207,20
1774707689594,207,90
1774707689595,207,20
1774707689596,208,50
1774707689597,208,40
1774707689597,208,10
1774707689598,208,60
1774707689599,208,40
1774707689602,208,20
1774707689602,208,50
1774707689603,208,10
1774707689603,208,60
1774707689604,208,10
1774707689605,208,30
1774707689605,208,30
1774707689608,208,10
1774707689608,208,80
1774707689610,208,20
1774707689610,208,30
1774707689610,208,40
1774707689611,208,60
1774707689613,208,50
1774707689615,208,20
1774707689615,208,10
1774707689616,208,30
1774707689616,208,10
1774707689617,208,20
1774707689617,208,40
1774707689618,208,40
1774707689618,208,10
1774707689623,208,20
1774707689623,208,10
1774707689624,208,10
1774707689624,208,10
1774707689625,208,10
1774707689629,208,70
1774707689635,208,30
1774707689635,208,10
1774707689636,208,20
1774707689636,208,70
1774707689639,208,10
1774707689640,208,30
1774707689641,208,20
1774707689643,208,20
1774707689644,208,30
1774707689644,208,60
1774707689646,208,40
1774707689646,208,10
1774707689647,208,20
1774707689649,208,60
1774707689650,208,40
1774707689651,208,10
1774707689652,208,10
1774707689658,208,40
1774707689658,208,20
1774707689658,208,60
1774707689659,208,30
1774707689660,208,40
1774707689662,208,10
1774707689662,208,20
1774707689663,208,20
1774707689663,208,40
1774707689668,208,10
1774707689668,208,10
1774707689669,208,60
1774707689673,208,10
1774707689673,208,10
1774707689676,208,20
1774707689677,208,40
1774707689679,208,30
1774707689679,208,30
1774707689680,208,10
1774707689681,208,70
1774707689681,208,10
1774707689682,208,50
1774707689682,208,30
1774707689683,208,50
1774707689685,208,70
1774707689696,208,20
1774707689696,208,40
1774707689698,208,40
1774707689698,208,30
1774707689699,208,10
1774707689702,208,10
1774707689702,208,80
1774707689703,208,40
1774707689707,208,10
1774707689709,208,10
1774707689710,208,40
1774707689711,208,10
1774707689714,208,10
1774707689714,209,10
1774707689715,209,40
1774707689715,209,10
1774707689720,209,70
1774707689721,209,10
1774707689722,209,80
1774707689722,209,10
1774707689723,209,20
1774707689724,209,30
1774707689725,209,50
1774707689725,209,30
1774707689726,209,50
1774707689726,209,10
1774707689728,209,10
1774707689728,209,20
1774707689728,209,60
1774707689731,209,30
1774707689732,209,20
1774707689733,209,70
1774707689734,209,10
1774707689735,209,20
1774707689740,209,90
1774707689742,209,10
1774707689750,209,20
1774707689750,209,50
1774707689751,209,50
1774707689752,209,10
1774707689753,209,90
1774707689757,209,20
1774707689759,209,30
1774707689766,209,40
1774707689767,209,30
1774707689769,209,20
1774707689776,209,20
1774707689777,209,10
1774707689777,209,70
1774707689783,209,30
1774707689783,209,20
1774707689784,209,60
1774707689784,209,20
1774707689786,209,60
1774707689792,209,40
1774707689793,209,30
1774707689803,209,10
1774707689803,209,20
1774707689804,209,50
1774707689804,209,40
1774707689805,209,40
1774707689809,209,30
1774707689818,209,20
1774707689820,209,30
1774707689820,209,20
1774707689823,209,40
1774707689824,209,20
1774707689825,209,10
1774707689825,209,40
1774707689825,209,30
1774707689831,209,60
1774707689831,209,20
1774707689833,209,10
1774707689833,209,80
1774707689834,209,10
1774707689837,209,10
1774707689837,209,10
1774707689838,209,10
1774707689840,209,40
1774707689841,209,20
1774707689841,210,40
1774707689844,210,60
1774707689844,210,30
1774707689845,210,10
1774707689846,210,20
1774707689847,210,30
1774707689847,210,60
1774707689847,210,10
1774707689850,210,40
1774707689851,210,30
1774707689852,210,60
1774707689853,210,30
1774707689856,210,40
1774707689857,210,30
1774707689858,210,20
1774707689858,210,10
1774707689859,210,20
1774707689859,210,10
1774707689860,210,20
1774707689863,210,30
1774707689863,210,60
1774707689864,210,10
1774707689864,210,80
1774707689865,210,20
1774707689867,210,40
1774707689868,210,40
1774707689870,210,20
1774707689871,210,60
1774707689877,210,30
1774707689878,210,30
1774707689878,210,30
1774707689880,210,10
1774707689880,210,30
1774707689885,210,20
1774707689888,210,30
1774707689888,210,30
1774707689893,210,10
1774707689893,210,30
1774707689894,210,50
1774707689894,210,10
1774707689897,210,50
1774707689904,210,40
1774707689904,210,20
1774707689907,210,10
1774707689908,210,40
1774707689909,210,10
1774707689912,210,40
1774707689912,210,50
1774707689913,210,20
1774707689914,210,20
1774707689914,210,40
1774707689917,210,40
1774707689917,210,40
1774707689917,210,10
1774707689920,210,20
1774707689920,210,80
1774707689923,210,20
1774707689924,210,20
1774707689924,211,10
1774707689925,211,50
1774707689931,211,10
1774707689931,211,10
1774707689934,211,60
1774707689935,211,30
1774707689935,211,10
1774707689938,211,40
1774707689938,211,10
1774707689943,211,10
1774707689945,211,30
1774707689948,211,40
1774707689948,211,20
1774707689950,211,20
1774707689950,211,20
1774707689951,211,10
1774707689951,211,20
1774707689953,211,10
1774707689954,211,80
1774707689956,211,10
1774707689958,211,20
1774707689959,211,10
1774707689960,211,40
1774707689961,211,20
1774707689967,211,20
1774707689969,211,20
1774707689970,211,20
1774707689970,211,40
1774707689976,211,30
1774707689976,211,10
1774707689978,211,60
1774707689978,211,20
1774707689979,211,30
1774707689981,211,40
1774707689981,211,40
1774707689987,211,50
1774707689988,211,20
1774707689988,211,10
1774707689988,211,10
1774707689992,211,10
1774707689993,211,50
1774707689993,211,40
1774707689996,211,40
1774707690004,211,10
1774707690004,211,20
1774707690006,211,20
1774707690006,211,40
1774707690007,211,30
1774707690007,211,30
1774707690008,211,20
1774707690010,211,20
1774707690027,211,40
1774707690028,211,30
1774707690029,211,60
1774707690029,211,30
1774707690031,211,30
1774707690032,211,30
1774707690032,211,40
1774707690035,211,20
1774707690036,211,20
1774707690037,211,30
1774707690038,211,30
1774707690039,211,40
1774707690041,211,40
1774707690042,211,30
1774707690042,211,20
1774707690045,211,80
1774707690045,211,10
1774707690048,211,10
1774707690049,211,10
1774707690054,211,40
1774707690056,211,10
1774707690056,211,40
1774707690059,211,20
1774707690064,211,80
1774707690064,211,10
1774707690065,212,10
1774707690066,212,30
1774707690066,212,40
1774707690067,212,20
1774707690067,212,10
1774707690068,212,30
1774707690068,212,30
1774707690068,212,30
1774707690075,212,40
1774707690075,212,30
1774707690081,212,40
1774707690082,212,30
1774707690084,212,20
1774707690085,212,70
1774707690087,212,80
1774707690095,212,50
1774707690095,212,20
1774707690096,212,30
1774707690097,212,30
1774707690100,212,20
1774707690100,212,20
1774707690101,212,20
1774707690102,212,70
1774707690103,212,10
1774707690103,212,60
1774707690104,212,10
1774707690105,212,10
1774707690106,212,50
1774707690114,212,20
1774707690114,212,20
1774707690115,212,50
1774707690115,212,10
1774707690116,212,40
1774707690117,212,30
1774707690117,212,20
1774707690119,212,20
1774707690120,212,30
1774707690120,212,60
1774707690131,212,20
1774707690132,212,80
1774707690137,212,10
1774707690138,212,40
1774707690139,212,10
1774707690140,213,80
1774707690140,213,10
1774707690141,213,30
1774707690144,213,20
1774707690145,213,30
1774707690146,213,20
1774707690147,213,70
1774707690147,213,10
1774707690150,213,20
1774707690153,213,20
1774707690155,213,40
1774707690155,213,40
1774707690157,213,80
1774707690158,213,20
1774707690159,213,20
1774707690159,213,70
1774707690170,213,30
1774707690171,213,20
1774707690171,213,10
1774707690172,213,20
1774707690173,213,10
1774707690173,213,30
1774707690175,213,40
1774707690175,213,20
1774707690177,213,60
1774707690180,213,50
1774707690181,213,30
1774707690182,213,20
1774707690183,213,10
1774707690188,213,60
1774707690188,213,20
1774707690189,213,10
1774707690192,213,10
1774707690192,213,30
1774707690194,213,40
1774707690197,214,10
1774707690197,214,40
1774707690198,214,50
1774707690199,214,20
1774707690204,214,40
1774707690204,214,10
1774707690205,214,10
1774707690205,214,30
1774707690208,214,30
1774707690208,214,30
1774707690212,214,20
1774707690213,214,40
1774707690214,214,80
1774707690214,214,10
1774707690219,214,50
1774707690220,214,30
1774707690220,214,70
1774707690224,214,30
1774707690225,214,10
1774707690231,214,60
1774707690232,214,10
1774707690238,214,10
1774707690239,214,20
1774707690240,214,30
1774707690240,214,10
1774707690243,214,40
1774707690243,215,10
1774707690246,215,10
1774707690246,215,40
1774707690251,215,50
1774707690251,215,50
1774707690252,215,20
1774707690252,215,60
1774707690253,215,20
1774707690259,215,60
1774707690260,215,20
1774707690263,215,30
1774707690263,215,30
1774707690264,215,10
1774707690267,215,30
1774707690268,215,50
1774707690268,215,50
1774707690271,215,10
1774707690271,215,90
1774707690273,215,10
1774707690274,215,20
1774707690276,215,20
1774707690277,215,10
1774707690277,215,10
1774707690278,216,30
1774707690278,216,30
1774707690280,216,10
1774707690282,216,20
1774707690283,216,50
1774707690283,216,20
1774707690284,216,10
1774707690284,216,60
1774707690284,216,10
1774707690285,216,20
1774707690287,216,30
1774707690293,216,30
1774707690293,216,20
1774707690294,216,10
1774707690294,216,30
1774707690295,217,10
1774707690295,217,20
1774707690299,217,10
1774707690304,217,10
1774707690305,217,10
1774707690307,217,30
1774707690307,217,60
1774707690308,217,20
1774707690309,217,40
1774707690310,217,10
1774707690310,217,20
1774707690310,217,60
1774707690311,217,20
1774707690312,217,80
1774707690315,217,60
1774707690316,217,20
1774707690318,217,10
1774707690318,217,70
1774707690318,218,10
1774707690321,218,10
1774707690322,218,30
1774707690322,218,20
1774707690323,218,40
1774707690323,218,10
1774707690324,218,30
1774707690324,218,40
1774707690334,218,30
1774707690334,218,20
1774707690335,218,10
1774707690336,218,40
1774707690336,218,30
1774707690340,218,30
1774707690341,218,30
1774707690342,218,10
1774707690343,218,50
1774707690343,218,20
1774707690346,218,30
1774707690348,218,30
1774707690349,218,40
1774707690349,218,20
1774707690350,218,60
1774707690350,218,30
1774707690353,218,30
1774707690353,219,10
1774707690364,219,50
1774707690365,219,40
1774707690366,219,10
1774707690366,219,30
1774707690366,219,20
1774707690367,219,60
1774707690371,219,20
1774707690372,219,10
1774707690377,219,30
1774707690379,219,10
1774707690381,219,10
1774707690388,219,40
1774707690389,219,60
1774707690390,219,30
1774707690390,219,10
1774707690392,219,10
1774707690393,219,30
1774707690394,219,10
1774707690395,219,10
1774707690396,219,20
1774707690396,219,50
1774707690397,219,40
1774707690398,219,10
1774707690398,219,30
1774707690399,219,30
1774707690401,219,40
1774707690402,219,20
1774707690403,219,50
1774707690406,219,20
1774707690408,219,10
1774707690409,219,50
1774707690412,219,50
1774707690413,219,20
1774707690414,219,50
1774707690417,219,70
1774707690418,220,20
1774707690419,220,30
1774707690419,220,30
1774707690424,220,10
1774707690424,220,10
1774707690425,220,70
1774707690427,220,10
1774707690427,220,20
1774707690432,220,30
1774707690432,220,70
1774707690435,220,30
1774707690435,220,30
1774707690436,220,20
1774707690438,220,20
1774707690438,220,10
1774707690438,220,40
1774707690439,220,10
1774707690440,220,20
1774707690441,220,30
1774707690442,220,40
1774707690442,220,10
1774707690443,220,80
1774707690448,220,80
1774707690448,220,10
1774707690449,220,10
1774707690452,220,10
1774707690454,220,10
1774707690456,220,10
1774707690459,220,50
1774707690460,221,40
1774707690460,221,30
1774707690461,221,50
1774707690462,221,10
1774707690462,221,10
1774707690463,221,40
1774707690465,221,30
1774707690466,221,10
1774707690466,221,30
1774707690466,221,30
1774707690467,221,10
1774707690468,221,20
1774707690476,221,20
1774707690477,221,20
1774707690481,221,10
1774707690481,221,70
1774707690484,221,30
1774707690484,221,40
1774707690485,221,40
1774707690486,221,30
1774707690489,221,20
1774707690489,221,60
1774707690491,221,30
1774707690495,221,50
1774707690496,221,40
1774707690497,221,20
1774707690497,221,50
1774707690498,221,50
1774707690498,222,10
1774707690500,222,60
1774707690501,222,20
1774707690506,222,40
1774707690506,222,20
1774707690507,222,30
1774707690510,222,10
1774707690511,222,60
1774707690512,222,70
1774707690524,222,40
1774707690525,222,10
1774707690528,222,20
1774707690529,222,10
1774707690532,222,10
1774707690533,222,10
1774707690537,222,60
1774707690540,222,30
1774707690540,222,20
1774707690545,222,10
1774707690546,222,10
1774707690556,222,20
1774707690557,222,60
1774707690557,222,20
1774707690558,222,40
1774707690558,222,20
1774707690561,222,30
1774707690564,222,20
1774707690575,222,30
1774707690576,222,20
1774707690576,222,30
1774707690578,222,30
1774707690582,222,20
1774707690583,222,10
1774707690583,222,30
1774707690586,222,60
1774707690589,222,40
1774707690590,222,30
1774707690600,222,10
1774707690600,222,40
1774707690602,222,40
1774707690602,222,30
1774707690603,222,10
1774707690610,222,40
1774707690613,222,10
1774707690613,222,20
1774707690616,222,30
1774707690617,222,60
1774707690617,222,10
1774707690618,222,60
1774707690618,222,30
1774707690619,222,50
1774707690619,223,20
1774707690620,223,30
1774707690622,223,20
1774707690629,223,10
1774707690629,223,30
1774707690629,223,40
1774707690632,223,20
1774707690632,223,20
1774707690633,223,10
1774707690633,223,70
1774707690635,223,20
1774707690635,223,30
1774707690635,223,30
1774707690638,223,50
1774707690639,223,40
1774707690641,223,20
1774707690643,223,80
1774707690644,223,90
1774707690645,223,10
1774707690648,223,10
1774707690648,223,10
1774707690649,223,70
1774707690651,223,30
1774707690651,223,70
1774707690654,223,20
1774707690661,223,60
1774707690665,223,40
1774707690666,223,50
1774707690667,223,50
1774707690669,223,10
1774707690671,223,40
1774707690671,223,50
1774707690673,223,30
1774707690677,223,40
1774707690679,223,20
1774707690679,224,20
1774707690690,224,20
1774707690690,224,50
1774707690692,224,20
1774707690692,224,40
1774707690693,224,30
1774707690694,224,10
1774707690694,224,10
1774707690696,224,90
1774707690698,224,80
1774707690698,224,10
1774707690700,224,10
1774707690700,224,30
1774707690700,224,20
1774707690706,224,30
1774707690708,224,20
1774707690709,224,30
1774707690710,224,60
1774707690712,224,40
1774707690713,224,40
1774707690714,224,20
1774707690714,224,60
1774707690715,224,20
1774707690718,224,20
1774707690719,224,30
1774707690720,224,40
1774707690720,224,60
1774707690722,224,40
1774707690722,224,60
1774707690724,224,30
1774707690724,224,30
1774707690729,224,20
1774707690731,224,10
1774707690731,224,10
1774707690732,224,20
1774707690735,224,50
1774707690735,224,10
1774707690740,224,30
1774707690741,224,10
1774707690744,224,50
1774707690744,224,20
1774707690745,224,30
1774707690747,224,10
1774707690748,225,20
1774707690753,225,60
1774707690754,225,30
1774707690761,225,70
1774707690762,225,10
1774707690763,225,80
1774707690768,225,10
1774707690768,225,60
1774707690769,225,30
1774707690774,225,90
1774707690774,225,10
1774707690778,225,40
1774707690780,225,40
1774707690780,225,20
1774707690784,225,10
1774707690789,225,20
1774707690790,225,50
1774707690791,225,30
1774707690791,225,10
1774707690794,225,70
1774707690794,225,10
1774707690795,225,50
1774707690796,225,30
1774707690797,225,40
1774707690798,225,30
1774707690799,225,20
1774707690811,225,40
1774707690812,225,20
1774707690813,225,50
1774707690813,225,20
1774707690814,225,60
1774707690815,226,10
1774707690818,226,30
1774707690820,226,20
1774707690822,226,40
1774707690822,226,20
1774707690825,226,10
1774707690827,226,10
1774707690827,226,50
1774707690831,226,40
1774707690833,226,60
1774707690834,226,30
1774707690835,226,40
1774707690835,226,40
1774707690844,226,10
1774707690844,226,30
1774707690848,226,40
1774707690849,226,20
1774707690849,226,30
1774707690850,226,20
1774707690855,226,60
1774707690856,226,20
1774707690857,226,50
1774707690857,226,20
1774707690858,226,70
1774707690858,226,30
1774707690871,226,10
1774707690872,226,20
1774707690875,226,40
1774707690876,226,30
1774707690876,226,10
1774707690876,226,10
1774707690877,226,10
1774707690877,226,50
1774707690878,226,30
1774707690879,227,20
1774707690879,227,20
1774707690886,227,10
1774707690886,227,50
1774707690892,227,40
1774707690892,227,30
1774707690900,227,60
1774707690902,227,10
1774707690902,227,50
1774707690902,227,20
1774707690903,227,40
1774707690903,227,50
1774707690905,227,30
1774707690905,227,60
1774707690906,227,10
1774707690906,227,20
1774707690908,227,20
1774707690913,227,70
1774707690913,227,10
1774707690914,227,10
1774707690915,227,10
1774707690919,227,50
1774707690919,227,50
1774707690922,227,20
1774707690923,227,50
1774707690939,227,30
1774707690943,227,10
1774707690943,227,80
1774707690948,227,10
1774707690948,227,20
1774707690948,227,20
1774707690949,227,10
1774707690954,228,20
1774707690955,228,30
1774707690955,228,60
1774707690956,228,10
1774707690960,228,30
1774707690963,228,90
1774707690965,228,10
1774707690965,228,30
1774707690966,228,50
1774707690966,228,30
1774707690969,228,10
1774707690974,228,10
1774707690976,228,40
1774707690977,228,10
1774707690978,228,30
1774707690978,228,10
1774707690978,228,50
1774707690979,228,10
1774707690979,228,40
1774707690979,228,20
1774707690980,228,10
1774707690985,228,30
1774707690985,228,20
1774707690985,229,30
1774707690986,229,10
1774707690986,229,20
1774707690987,229,10
1774707690990,229,60
1774707690991,229,10
1774707690992,229,10
1774707690993,229,70
1774707690993,229,20
1774707690994,229,20
1774707690996,229,60
1774707690996,229,30
1774707690996,229,10
1774707690997,229,80
1774707691002,229,10
1774707691002,229,40
1774707691002,229,20
1774707691005,229,10
1774707691007,229,20
1774707691008,229,40
1774707691009,229,10
1774707691009,230,10
1774707691010,230,40
1774707691015,230,10
1774707691015,230,30
1774707691022,230,30
1774707691023,230,30
1774707691023,230,40
1774707691024,230,10
1774707691026,230,70
1774707691026,230,10
1774707691031,230,10
1774707691031,230,60
1774707691031,230,10
1774707691034,230,30
1774707691039,230,30
1774707691039,231,10
1774707691046,231,10
1774707691048,231,30
1774707691048,231,10
1774707691049,231,50
1774707691054,231,50
1774707691055,232,20
1774707691063,232,90
1774707691064,232,10
1774707691069,232,10
1774707691073,232,50
1774707691081,232,10
1774707691081,232,40
1774707691082,232,20
1774707691085,232,80
1774707691087,232,10
1774707691088,232,90
1774707691089,232,10
1774707691089,233,10
1774707691089,233,60
1774707691090,233,10
1774707691090,233,20
1774707691095,233,20
1774707691098,233,10
1774707691100,233,10
1774707691103,233,20
1774707691103,233,60
1774707691107,233,40
1774707691108,233,40
1774707691109,233,10
1774707691112,233,20
1774707691112,233,10
1774707691113,233,50
1774707691116,233,20
1774707691116,233,70
1774707691117,233,30
1774707691117,233,60
1774707691121,233,10
1774707691123,233,20
1774707691123,233,40
1774707691123,233,10
1774707691124,233,10
1774707691126,233,10
1774707691127,233,10
1774707691128,233,30
1774707691128,234,10
1774707691129,234,10
1774707691133,234,10
1774707691134,234,40
1774707691134,234,50
1774707691137,234,50
1774707691138,234,40
1774707691138,234,10
1774707691139,234,10
1774707691139,234,70
1774707691142,234,30
1774707691143,234,40
1774707691144,235,10
1774707691145,235,20
1774707691145,235,20
1774707691150,235,60
1774707691150,235,30
1774707691151,236,10
1774707691151,236,30
1774707691153,236,20
1774707691153,236,10
1774707691157,236,50
1774707691157,236,10
1774707691158,236,30
1774707691158,236,40
1774707691161,236,40
1774707691167,237,10
1774707691169,237,80
1774707691169,237,20
1774707691170,237,50
1774707691177,237,20
1774707691181,237,10
1774707691182,237,60
1774707691183,237,30
1774707691183,237,40
1774707691183,237,30
1774707691187,237,60
1774707691194,237,10
1774707691197,237,20
1774707691197,237,10
1774707691198,237,10
1774707691198,238,40
1774707691200,238,50
1774707691200,238,30
1774707691201,238,60
1774707691203,238,10
1774707691203,239,30
1774707691204,239,30
1774707691205,239,10
1774707691206,239,20
1774707691207,239,80
1774707691211,240,70
1774707691212,240,30
1774707691216,240,30
1774707691216,240,30
1774707691217,241,60
1774707691218,241,20
1774707691218,242,10
1774707691220,242,30
1774707691222,243,80
1774707691226,244,10
1774707691226,244,30
1774707691227,244,30
1774707691228,244,20
1774707691229,245,40
1774707691229,246,20
1774707691230,246,10
1774707691238,246,30
1774707691241,246,30
1774707691242,246,50
1774707691242,246,10
1774707691245,246,90
1774707691247,247,50
1774707691247,247,10
1774707691252,247,50
1774707691253,247,60
1774707691255,247,20
1774707691257,247,20
1774707691261,247,10
1774707691268,247,50
1774707691268,247,40
1774707691269,247,60
1774707691274,250,10
1774707691274,250,50
1774707691276,250,50
1774707691277,250,60
1774707691277,250,30
1774707691282,250,70
1774707691283,251,30
1774707691284,252,40
1774707691286,252,50
1774707691288,252,10
1774707691289,252,80
1774707691290,252,10
1774707691291,252,50
1774707691296,252,20
1774707691297,252,20
1774707691299,252,40
1774707691300,254,60
1774707691302,254,40
1774707691303,255,40
1774707691304,255,30
1774707691305,255,60
1774707691307,255,40
1774707691308,255,30
1774707691308,255,10
1774707691309,255,40
1774707691310,255,40
1774707691311,255,10
1774707691311,257,10
1774707691311,257,10
1774707691312,257,40
1774707691313,257,10
1774707691320,257,20
1774707691321,257,50
1774707691321,257,20
1774707691328,258,10
1774707691328,258,20
1774707691329,258,20
1774707691329,258,70
1774707691332,258,50
1774707691333,258,30
1774707691338,258,10
1774707691338,258,70
1774707691338,258,20
1774707691339,258,10
1774707691345,258,20
1774707691345,258,20
1774707691348,258,10
1774707691350,258,20
1774707691350,259,20
1774707691350,259,10
1774707691354,259,10
1774707691354,259,30
1774707691359,259,20
1774707691360,260,10
1774707691360,260,30
1774707691363,260,20
1774707691363,260,70
1774707691368,260,20
1774707691369,260,50
1774707691371,260,80
1774707691371,261,20
1774707691372,261,30
1774707691375,261,20
1774707691377,261,30
1774707691377,261,40
1774707691378,261,60
1774707691379,261,10
1774707691382,261,30
1774707691384,261,10
1774707691384,261,20
1774707691384,261,10
1774707691385,261,10
1774707691386,261,30
1774707691386,262,50
1774707691388,262,30
1774707691393,262,10
1774707691394,262,70
1774707691400,262,20
1774707691401,262,50
1774707691401,262,30
1774707691404,262,60
1774707691407,262,10
1774707691407,262,80
1774707691410,262,60
1774707691412,262,40
1774707691413,262,50
1774707691413,262,50
1774707691417,262,40
1774707691417,262,30
1774707691418,262,20
1774707691420,262,10
1774707691423,262,30
1774707691423,262,20
1774707691424,262,50
1774707691425,262,40
1774707691426,262,10
1774707691430,262,60
1774707691430,262,30
1774707691431,262,10
1774707691453,262,20
1774707691454,262,40
1774707691455,263,40
1774707691458,263,60
1774707691461,263,40
1774707691462,263,20
1774707691466,263,20
1774707691466,263,70
1774707691468,263,60
1774707691469,263,10
1774707691469,263,60
1774707691470,263,20
1774707691472,263,40
1774707691477,263,30
1774707691478,263,40
1774707691478,263,30
1774707691482,263,30
1774707691483,263,60
1774707691483,263,30
1774707691484,263,20
1774707691487,263,20
1774707691487,264,10
1774707691488,264,20
1774707691490,264,10
1774707691490,264,40
1774707691491,264,30
1774707691493,264,10
1774707691494,264,50
1774707691495,264,10
1774707691495,264,20
1774707691496,264,60
1774707691499,264,20
1774707691499,264,10
1774707691500,264,10
1774707691501,264,20
1774707691511,264,10
1774707691511,264,30
1774707691512,264,30
1774707691512,264,10
1774707691513,264,80
1774707691514,264,20
1774707691515,265,10
1774707691515,265,60
1774707691518,265,10
1774707691519,265,70
1774707691524,265,50
1774707691524,265,20
1774707691525,265,20
1774707691527,265,60
1774707691528,265,20
1774707691529,265,40
1774707691530,265,50
1774707691530,265,10
1774707691532,265,20
1774707691533,266,20
1774707691533,266,50
1774707691535,266,40
1774707691536,266,50
1774707691538,266,10
1774707691539,266,20
1774707691545,266,40
1774707691548,266,40
1774707691548,266,10
1774707691549,266,60
1774707691558,266,30
1774707691561,266,50
1774707691562,266,30
1774707691565,266,40
1774707691568,266,10
1774707691569,266,20
1774707691572,266,40
1774707691573,266,20
1774707691574,266,20
1774707691575,266,20
1774707691577,266,50
1774707691577,266,40
1774707691580,266,30
1774707691580,266,40
1774707691581,266,30
1774707691581,266,70
1774707691582,266,10
1774707691592,266,60
1774707691593,266,20
1774707691595,266,20
1774707691596,266,20
1774707691596,267,40
1774707691596,267,10
1774707691597,267,40
1774707691598,267,10
1774707691599,267,70
1774707691600,267,30
1774707691600,267,10
1774707691601,267,20
1774707691603,267,20
1774707691605,267,20
1774707691606,267,60
1774707691607,267,10
1774707691607,267,70
1774707691608,267,20
1774707691608,267,10
1774707691611,267,70
1774707691614,267,10
1774707691615,267,30
1774707691615,267,10
1774707691616,267,10
1774707691616,267,20
1774707691616,267,10
1774707691616,267,50
1774707691621,267,10
1774707691621,267,40
1774707691622,267,10
1774707691622,267,40
1774707691630,267,20
1774707691631,267,80
1774707691631,267,20
1774707691632,267,10
1774707691635,267,60
1774707691635,267,20
1774707691636,267,10
1774707691636,267,20
1774707691637,267,10
1774707691638,267,30
1774707691638,267,20
1774707691639,267,50
1774707691639,267,30
1774707691640,268,20
1774707691641,268,10
1774707691641,268,30
1774707691641,268,40
1774707691644,268,20
1774707691645,268,50
1774707691646,268,10
1774707691646,268,10
1774707691650,268,90
1774707691655,268,10
1774707691656,268,20
1774707691666,268,70
1774707691668,268,60
1774707691674,268,20
1774707691676,268,10
1774707691677,268,30
1774707691678,268,30
1774707691679,268,40
1774707691680,268,40
1774707691683,268,10
1774707691683,268,20
1774707691687,268,20
1774707691688,268,80
1774707691694,268,50
1774707691694,268,30
1774707691697,268,50
1774707691697,268,40
1774707691698,269,10
1774707691700,269,10
1774707691706,269,20
1774707691708,269,50
1774707691708,269,20
1774707691709,269,20
1774707691709,269,10
1774707691709,269,60
1774707691710,269,30
1774707691711,269,30
1774707691715,269,30
1774707691722,269,40
1774707691723,269,20
1774707691725,269,50
1774707691728,269,30
1774707691729,269,60
1774707691730,269,20
1774707691731,269,70
1774707691732,269,10
1774707691733,269,80
1774707691733,269,10
1774707691734,269,40
1774707691737,269,20
1774707691737,270,20
1774707691737,270,10
1774707691738,270,10
1774707691738,270,50
1774707691738,270,50
1774707691741,270,50
1774707691742,270,20
1774707691747,270,20
1774707691748,270,60
1774707691748,270,20
1774707691749,270,20
1774707691749,270,20
1774707691752,270,10
1774707691752,270,20
1774707691757,270,10
1774707691757,270,30
1774707691762,270,20
1774707691762,270,10
1774707691763,270,40
1774707691763,270,10
1774707691763,270,70
1774707691767,270,20
1774707691767,270,10
1774707691773,270,30
1774707691774,270,20
1774707691776,270,10
1774707691778,270,10
1774707691778,270,40
1774707691784,270,40
1774707691784,270,10
1774707691787,270,40
1774707691792,270,40
1774707691794,270,10
1774707691794,271,80
1774707691801,271,70
1774707691802,271,20
1774707691803,271,20
1774707691803,271,10
1774707691808,271,10
1774707691808,271,10
1774707691810,271,10
1774707691811,271,10
1774707691811,271,50
1774707691812,271,20
1774707691814,271,10
1774707691814,271,20
1774707691815,271,40
1774707691819,271,60
1774707691827,271,30
1774707691827,271,20
1774707691828,271,20
1774707691830,271,30
1774707691831,271,80
1774707691833,271,10
1774707691833,271,20
1774707691833,271,10
1774707691834,272,10
1774707691834,272,20
1774707691834,272,20
1774707691835,272,10
1774707691835,272,10
1774707691835,272,20
1774707691838,272,30
1774707691838,272,10
1774707691838,272,10
1774707691838,272,20
1774707691839,272,40
1774707691840,272,30
1774707691841,272,30
1774707691842,272,40
1774707691844,272,10
1774707691844,272,10
1774707691847,272,40
1774707691849,272,60
1774707691852,272,20
1774707691852,272,20
1774707691853,272,20
1774707691853,272,50
1774707691855,272,30
1774707691855,272,40
1774707691859,272,30
1774707691863,272,10
1774707691863,272,20
1774707691863,272,50
1774707691866,272,40
1774707691866,272,10
1774707691866,272,10
1774707691867,272,20
1774707691867,273,40
1774707691873,273,30
1774707691873,273,50
1774707691874,273,40
1774707691874,273,10
1774707691878,273,70
1774707691882,273,10
1774707691882,273,80
1774707691882,273,10
1774707691885,273,50
1774707691890,273,40
1774707691890,273,40
1774707691893,273,60
1774707691893,273,30
1774707691894,273,70
1774707691896,273,60
1774707691902,273,30
1774707691903,273,30
1774707691903,273,30
1774707691904,273,30
1774707691905,273,10
1774707691906,273,20
1774707691906,273,10
1774707691907,273,10
1774707691908,273,30
1774707691909,273,50
1774707691912,273,20
1774707691913,273,10
1774707691913,273,40
1774707691915,273,40
1774707691918,273,20
1774707691923,273,40
1774707691927,273,20
1774707691927,274,30
1774707691931,274,50
1774707691932,274,20
1774707691933,274,50
1774707691938,274,30
1774707691938,274,20
1774707691940,274,40
1774707691942,274,30
1774707691944,274,10
1774707691944,274,40
1774707691947,274,10
1774707691948,274,30
1774707691949,274,50
1774707691952,274,10
1774707691953,274,40
1774707691953,274,20
1774707691954,274,30
1774707691959,274,50
1774707691959,274,30
1774707691960,274,40
1774707691961,274,20
1774707691962,274,10
1774707691962,274,20
1774707691963,274,30
1774707691965,274,20
1774707691965,275,10
1774707691966,275,10
1774707691973,275,60
1774707691977,275,50
1774707691977,275,20
1774707691985,275,60
1774707691988,275,10
1774707691989,275,10
1774707691990,275,60
1774707691990,275,30
1774707691991,275,30
1774707691991,275,40
1774707691993,275,60
1774707691994,275,20
1774707691995,275,60
1774707691995,275,20
1774707691997,275,50
1774707691999,275,10
1774707691999,275,50
1774707691999,275,10
1774707692000,275,20
1774707692001,275,50
1774707692002,275,10
1774707692002,275,50
1774707692003,275,30
1774707692003,275,10
1774707692004,275,40
1774707692004,275,10
1774707692007,275,40
1774707692008,275,30
1774707692008,275,60
1774707692011,275,10
1774707692015,275,30
1774707692015,275,20
1774707692021,275,30
1774707692021,275,20
1774707692022,275,50
1774707692023,275,50
1774707692025,275,10
1774707692026,275,30
1774707692026,275,40
1774707692028,275,20
1774707692031,275,10
1774707692042,275,30
1774707692043,275,20
1774707692044,275,70
1774707692044,275,30
1774707692045,275,60
1774707692049,275,10
1774707692050,276,10
1774707692051,276,50
1774707692053,276,30
1774707692053,276,10
1774707692056,276,20
1774707692059,276,10
1774707692062,276,20
1774707692064,276,30
1774707692066,276,10
1774707692067,276,30
1774707692069,276,20
1774707692069,276,70
1774707692070,276,10
1774707692076,276,40
1774707692081,276,10
1774707692082,276,40
1774707692082,276,40
1774707692083,276,10
1774707692083,276,30
1774707692084,276,30
1774707692084,276,10
1774707692087,276,30
1774707692087,276,50
1774707692090,276,20
1774707692090,276,30
1774707692093,276,20
1774707692093,276,80
1774707692099,276,10
1774707692099,276,10
1774707692099,276,30
1774707692100,276,30
1774707692100,276,30
1774707692101,276,40
1774707692103,276,80
1774707692106,276,80
1774707692106,276,10
1774707692112,276,50
1774707692118,277,60
1774707692119,277,20
1774707692120,277,10
1774707692125,277,60
1774707692130,277,30
1774707692130,277,70
1774707692131,277,30
1774707692133,277,10
1774707692133,277,10
1774707692133,277,10
1774707692136,277,50
1774707692136,277,50
1774707692139,277,40
1774707692140,277,20
1774707692140,277,20
1774707692143,277,20
1774707692143,277,20
1774707692144,277,20
1774707692145,277,20
1774707692151,277,30
1774707692152,277,40
1774707692152,277,30
1774707692153,277,10
1774707692159,277,30
1774707692161,277,20
1774707692162,277,10
1774707692163,277,10
1774707692163,277,50
1774707692163,277,30
1774707692164,277,40
1774707692166,277,30
1774707692166,277,10
1774707692171,277,60
1774707692171,277,10
1774707692171,277,20
1774707692171,277,10
1774707692172,277,40
1774707692178,277,10
1774707692183,277,30
1774707692183,277,20
1774707692183,277,10
1774707692184,277,30
1774707692192,277,10
1774707692193,277,20
1774707692194,277,20
1774707692194,277,20
1774707692194,277,30
1774707692197,277,20
1774707692197,277,10
1774707692198,278,60
1774707692202,278,60
1774707692202,278,10
1774707692202,278,20
1774707692203,278,40
1774707692203,278,20
1774707692204,278,10
1774707692207,278,20
1774707692211,278,20
1774707692212,278,30
1774707692213,278,40
1774707692224,278,50
1774707692224,278,40
1774707692230,278,30
1774707692230,278,10
1774707692231,278,50
1774707692232,278,20
1774707692237,278,40
1774707692237,278,40
1774707692238,278,10
1774707692238,278,30
1774707692239,278,20
1774707692239,278,10
1774707692240,278,40
1774707692244,278,20
1774707692245,278,30
1774707692246,278,10
1774707692246,278,50
1774707692257,278,70
1774707692258,278,10
1774707692259,278,40
1774707692260,278,30
1774707692263,278,10
1774707692264,278,20
1774707692265,278,50
1774707692265,278,40
1774707692268,278,20
1774707692269,278,50
1774707692276,278,20
1774707692277,278,60
1774707692278,278,40
1774707692278,278,10
1774707692279,278,30
1774707692280,278,20
1774707692286,278,10
1774707692292,278,50
1774707692295,278,20
1774707692296,278,30
1774707692297,278,90
1774707692297,278,10
1774707692298,278,60
1774707692299,278,30
1774707692303,278,60
1774707692305,278,10
1774707692308,279,50
1774707692308,279,40
1774707692309,279,10
1774707692310,279,80
1774707692310,279,10
1774707692311,279,60
1774707692314,279,20
1774707692322,279,10
1774707692323,279,60
1774707692328,279,10
1774707692329,279,10
1774707692329,279,60
1774707692329,279,10
1774707692332,279,40
1774707692340,279,10
1774707692340,279,20
1774707692341,279,20
1774707692341,279,10
1774707692346,279,10
1774707692346,279,60
1774707692349,279,20
1774707692350,279,50
1774707692357,279,50
1774707692357,279,20
1774707692359,279,60
1774707692359,279,20
1774707692359,279,20
1774707692362,279,50
1774707692362,279,20
1774707692364,279,20
1774707692367,279,20
1774707692367,279,40
1774707692368,279,30
1774707692369,279,60
1774707692370,279,10
1774707692370,279,10
1774707692371,279,20
1774707692375,279,20
1774707692375,279,30
1774707692376,279,30
1774707692376,279,30
1774707692380,279,10
1774707692380,279,30
1774707692386,280,30
1774707692388,280,30
1774707692394,280,20
1774707692394,280,20
1774707692397,280,50
1774707692399,280,10
1774707692402,280,70
1774707692410,280,10
1774707692413,280,20
1774707692413,280,40
1774707692415,280,10
1774707692421,280,20
1774707692421,280,30
1774707692422,280,10
1774707692425,280,20
1774707692426,280,10
1774707692427,280,30
1774707692429,280,20
1774707692430,280,20
1774707692431,280,10
1774707692431,280,40
1774707692433,280,10
1774707692434,280,70
1774707692435,280,20
1774707692435,280,30
1774707692435,280,10
1774707692436,280,10
1774707692436,280,10
1774707692438,280,60
1774707692438,280,10
1774707692441,280,10
1774707692443,280,40
1774707692443,280,30
1774707692449,280,40
1774707692455,280,10
1774707692456,280,10
1774707692456,280,60
1774707692457,280,10
1774707692457,280,20
1774707692461,280,20
1774707692462,280,30
1774707692462,280,20
1774707692463,280,30
1774707692463,280,20
1774707692464,280,50
1774707692466,280,10
1774707692475,280,90
1774707692476,280,10
1774707692476,280,40
1774707692477,280,50
1774707692482,280,20
1774707692482,280,40
1774707692482,281,40
1774707692483,281,90
1774707692486,281,10
1774707692488,281,10
1774707692491,281,20
1774707692498,281,30
1774707692499,281,10
1774707692500,281,10
1774707692500,281,40
1774707692500,281,10
1774707692504,281,10
1774707692504,281,30
1774707692506,281,60
1774707692507,281,10
1774707692513,281,40
1774707692514,281,50
1774707692517,281,10
1774707692517,281,10
1774707692517,281,30
1774707692522,281,70
1774707692522,281,10
1774707692523,281,20
1774707692524,281,40
1774707692524,281,10
1774707692525,281,30
1774707692525,281,50
1774707692526,281,30
1774707692526,281,20
1774707692527,281,30
1774707692527,281,10
1774707692528,281,10
1774707692528,281,40
1774707692528,281,10
1774707692529,281,50
1774707692529,281,40
1774707692532,281,60
1774707692532,281,20
1774707692538,281,20
1774707692538,281,50
1774707692539,281,20
1774707692540,281,20
1774707692541,281,10
1774707692542,281,30
1774707692545,281,50
1774707692545,281,10
1774707692546,281,30
1774707692547,281,40
1774707692548,281,60
1774707692548,281,10
1774707692549,281,10
1774707692550,281,30
1774707692550,281,50
1774707692555,281,20
1774707692555,282,30
1774707692558,282,20
1774707692558,282,80
1774707692561,282,80
1774707692561,282,10
1774707692562,282,50
1774707692564,282,30
1774707692565,282,10
1774707692566,282,10
1774707692567,282,10
1774707692567,282,70
1774707692569,282,20
1774707692569,282,50
1774707692570,282,20
1774707692571,282,10
1774707692571,282,40
1774707692576,282,10
1774707692578,282,40
1774707692578,282,10
1774707692581,282,20
1774707692582,282,30
1774707692582,282,60
1774707692584,282,10
1774707692585,282,40
1774707692586,282,50
1774707692586,282,10
1774707692590,282,40
1774707692592,282,50
1774707692592,282,50
1774707692593,282,20
1774707692594,282,30
1774707692597,282,20
1774707692598,282,60
1774707692599,282,40
1774707692600,282,20
1774707692604,282,40
1774707692604,282,50
1774707692605,282,30
1774707692609,282,20
1774707692610,282,20
1774707692610,283,10
1774707692610,283,50
1774707692614,283,50
1774707692615,283,20
1774707692620,283,50
1774707692621,283,20
1774707692624,283,60
1774707692625,283,60
1774707692627,283,20
1774707692627,283,70
1774707692627,283,10
1774707692628,283,50
1774707692630,283,10
1774707692636,283,40
1774707692637,283,20
1774707692638,283,10
1774707692640,283,80
1774707692642,283,60
1774707692644,283,10
1774707692650,283,10
1774707692650,283,10
1774707692651,283,60
1774707692653,283,30
1774707692654,283,20
1774707692656,283,70
1774707692657,283,10
1774707692658,283,20
1774707692659,283,30
1774707692659,283,30
1774707692659,283,20
1774707692660,283,10
1774707692660,283,10
1774707692666,283,80
1774707692666,283,20
1774707692667,283,30
1774707692670,283,10
1774707692671,283,60
1774707692672,283,10
1774707692675,283,20
1774707692687,283,70
1774707692688,283,10
1774707692689,283,20
1774707692689,283,20
1774707692690,283,50
1774707692690,283,20
1774707692692,283,10
1774707692694,283,20
1774707692695,283,20
1774707692700,283,10
1774707692700,283,20
1774707692700,283,60
1774707692701,283,30
1774707692702,283,10
1774707692703,283,60
1774707692703,283,10
1774707692704,283,10
1774707692705,284,60
1774707692708,284,10
1774707692708,284,40
1774707692708,284,40
1774707692710,284,10
1774707692710,284,40
1774707692711,284,10
1774707692711,284,20
1774707692712,284,10
1774707692713,284,40
1774707692713,284,30
1774707692714,284,60
1774707692715,284,30
1774707692722,284,50
1774707692723,284,20
1774707692724,284,20
1774707692724,284,30
1774707692724,284,20
1774707692725,284,10
1774707692728,284,10
1774707692728,284,40
1774707692729,284,40
1774707692732,284,20
1774707692735,284,30
1774707692739,284,50
1774707692741,284,10
1774707692741,284,40
1774707692744,284,40
1774707692744,284,20
1774707692744,284,30
1774707692745,284,40
1774707692747,284,10
1774707692747,284,60
1774707692748,284,20
1774707692753,284,70
1774707692754,284,20
1774707692757,284,60
1774707692758,284,20
1774707692758,284,20
1774707692759,284,40
1774707692760,284,20
1774707692761,284,30
1774707692761,284,40
1774707692763,284,20
1774707692763,284,20
1774707692763,284,10
1774707692763,285,10
1774707692770,285,20
1774707692771,285,60
1774707692773,285,10
1774707692780,285,20
1774707692780,285,40
1774707692781,285,40
1774707692782,285,10
1774707692790,285,40
1774707692791,285,50
1774707692795,285,20
1774707692796,285,50
1774707692797,285,10
1774707692798,285,20
1774707692799,285,10
1774707692799,285,10
1774707692799,285,60
1774707692800,285,40
1774707692800,285,30
1774707692808,285,20
1774707692808,285,40
1774707692811,285,20
1774707692812,285,20
1774707692812,285,30
1774707692814,285,50
1774707692822,285,20
1774707692822,285,60
1774707692823,285,10
1774707692826,285,10
1774707692827,285,40
1774707692829,283,20
1774707692833,285,60
1774707692833,285,20
1774707692835,285,40
1774707692835,285,20
1774707692846,285,40
1774707692847,285,20
1774707692847,285,10
1774707692855,285,20
1774707692855,285,50
1774707692855,285,30
1774707692866,285,50
1774707692867,285,10
1774707692868,284,40
1774707692875,285,30
1774707692875,285,50
1774707692878,285,20
1774707692878,285,20
1774707692892,285,40
1774707692911,285,40
1774707692912,285,10
1774707692913,285,50
1774707692919,285,10
1774707692919,285,50
1774707692925,285,20
1774707692925,285,60
1774707692926,285,10
1774707692927,285,20
1774707692929,285,30
1774707692929,285,40
1774707692936,285,30
1774707692937,285,70
1774707692938,285,30
1774707692938,285,40
1774707692939,285,30
1774707692940,286,30
1774707692949,286,30
1774707692949,286,30
1774707692950,286,10
1774707692952,286,30
1774707692958,286,10
1774707692960,286,20
1774707692960,286,40
1774707692963,286,40
1774707692963,286,50
1774707692966,286,10
1774707692974,286,40
1774707692974,286,20
1774707692976,286,40
1774707692977,286,20
1774707692977,286,40
1774707692978,286,10
1774707692979,286,40
1774707692982,286,20
1774707692985,286,10
1774707692985,286,20
1774707692998,285,10
1774707692998,285,30
1774707692998,285,20
1774707693011,285,20
1774707693018,285,10
1774707693019,283,40
1774707693020,283,20
1774707693021,278,20
1774707693026,282,10
1774707693026,282,20
1774707693027,282,30
1774707693034,276,40
1774707693034,276,10
1774707693034,276,30
1774707693035,280,10
1774707693035,280,30
1774707693036,280,10
1774707693036,280,10
1774707693040,278,20
1774707693041,273,10
1774707693045,279,10
1774707693045,279,20
1774707693046,276,20
1774707693046,276,20
1774707693050,277,40
1774707693057,276,10
1774707693057,276,30
1774707693059,275,10
1774707693059,275,50
1774707693059,275,30
1774707693060,269,70
1774707693060,269,10
1774707693062,268,30
1774707693068,270,30
1774707693070,271,30
1774707693070,271,50
1774707693073,270,10
1774707693073,270,60
1774707693074,274,10
1774707693076,268,20
1774707693076,268,30
1774707693077,274,10
1774707693078,274,70
1774707693079,271,50
1774707693080,273,50
1774707693081,273,20
1774707693082,265,20
1774707693083,266,10
1774707693084,266,70
1774707693088,265,10
1774707693089,265,30
1774707693089,265,20
1774707693089,265,40
1774707693090,269,50
1774707693090,269,10
1774707693097,273,30
1774707693098,273,30
1774707693102,273,10
1774707693103,273,10
1774707693103,273,60
1774707693103,273,20
1774707693107,270,40
1774707693107,270,40
1774707693108,272,20
1774707693115,271,10
1774707693115,271,30
1774707693118,273,30
1774707693119,273,20
1774707693120,268,10
1774707693120,268,80
1774707693123,272,20
1774707693123,272,10
1774707693133,272,30
1774707693134,271,30
1774707693134,271,30
1774707693134,271,30
1774707693137,267,20
1774707693137,267,30
1774707693140,270,60
1774707693140,270,10
1774707693143,266,50
1774707693144,265,30
1774707693145,265,40
1774707693146,266,10
1774707693146,266,10
1774707693152,264,20
1774707693160,265,60
1774707693160,265,40
1774707693165,267,30
1774707693169,262,10
1774707693170,262,30
1774707693170,262,50
1774707693171,268,20
1774707693175,265,10
1774707693176,265,50
1774707693182,266,30
1774707693182,266,70
1774707693183,264,30
1774707693183,264,60
1774707693186,267,30
1774707693187,267,10
1774707693191,266,40
1774707693212,266,10
1774707693212,266,20
1774707693216,266,30
1774707693217,266,30
1774707693218,265,10
1774707693218,265,10
1774707693219,265,20
1774707693219,265,20
1774707693219,260,50
1774707693229,265,20
1774707693230,265,40
1774707693230,265,40
1774707693230,263,80
1774707693232,264,10
1774707693232,264,20
1774707693234,266,30
1774707693237,263,40
1774707693237,263,30
1774707693237,263,30
1774707693240,263,30
1774707693240,263,20
1774707693241,263,40
1774707693241,263,10
1774707693244,261,10
1774707693249,263,10
1774707693249,263,50
1774707693252,263,20
1774707693253,263,10
1774707693253,263,50
1774707693280,265,40
1774707693283,264,60
1774707693285,265,20
1774707693285,265,30
1774707693298,265,10
1774707693301,266,60
1774707693302,267,10
1774707693302,267,10
1774707693303,267,20
1774707693307,267,20
1774707693309,267,40
1774707693310,267,30
1774707693311,267,20
1774707693325,264,30
1774707693326,264,50
1774707693327,265,40
1774707693327,265,30
1774707693333,261,30
1774707693336,263,10
1774707693338,263,20
1774707693338,263,20
1774707693338,263,10
1774707693339,263,40
1774707693345,262,20
1774707693346,262,60
1774707693346,262,10
1774707693350,261,20
1774707693350,261,20
1774707693353,261,30
1774707693373,264,20
1774707693374,259,10
1774707693374,259,30
1774707693375,259,20
1774707693385,261,70
1774707693391,264,30
1774707693391,264,60
1774707693392,264,10
1774707693394,263,20
1774707693394,263,40
1774707693395,263,20
1774707693396,263,30
1774707693397,259,10
1774707693398,259,30
1774707693398,259,20
1774707693401,263,40
1774707693401,264,30
1774707693407,262,50
1774707693407,262,30
1774707693415,262,10
1774707693416,262,10
1774707693421,262,20
1774707693428,259,20
1774707693428,259,80
1774707693429,257,10
1774707693431,259,20
1774707693433,261,30
1774707693437,258,20
1774707693438,258,10
1774707693445,255,40
1774707693447,256,50
1774707693447,256,20
1774707693450,259,20
1774707693451,260,10
1774707693456,259,50
1774707693457,259,20
1774707693461,261,10
1774707693461,261,20
1774707693461,261,20
1774707693466,257,30
1774707693466,257,20
1774707693469,261,40
1774707693469,261,40
1774707693477,261,60
1774707693477,261,20
1774707693479,262,20
1774707693482,257,10
1774707693491,260,30
1774707693491,260,40
1774707693492,260,30
1774707693492,259,40
1774707693493,259,20
1774707693494,259,30
1774707693499,251,10
1774707693503,252,30
1774707693504,252,20
1774707693504,252,50
1774707693508,253,70
1774707693508,253,30
1774707693511,254,20
1774707693512,254,80
1774707693514,251,10
1774707693516,252,10
1774707693517,251,10
1774707693518,251,20
1774707693520,255,30
1774707693521,255,40
1774707693522,247,20
1774707693522,247,30
1774707693524,255,10
1774707693528,254,30
1774707693532,249,60
1774707693532,249,10
1774707693533,249,70
1774707693536,249,10
1774707693536,249,20
1774707693537,249,10
1774707693542,251,20
1774707693547,250,20
1774707693547,250,40
1774707693549,250,40
1774707693552,248,10
1774707693552,248,30
1774707693552,248,30
1774707693560,251,20
1774707693560,251,30
1774707693563,251,50
1774707693563,251,10
1774707693564,249,30
1774707693565,249,10
1774707693565,249,30
1774707693566,251,40
1774707693569,252,20
1774707693569,252,10
1774707693574,253,10
1774707693577,256,20
1774707693578,256,40
1774707693580,257,10
1774707693581,257,30
1774707693582,253,10
1774707693582,253,10
1774707693583,253,40
1774707693585,252,30
1774707693587,253,50
1774707693592,255,20
1774707693592,255,10
1774707693593,252,60
1774707693594,252,10
1774707693595,252,70
1774707693595,252,20
1774707693598,252,20
1774707693602,254,60
1774707693602,254,20
1774707693603,252,30
1774707693603,252,30
1774707693605,249,30
1774707693605,249,10
1774707693608,252,20
1774707693609,253,10
1774707693610,253,10
1774707693616,255,30
1774707693617,251,30
1774707693619,256,50
1774707693622,256,10
1774707693623,256,40
1774707693643,253,40
1774707693644,256,40
1774707693644,256,20
1774707693654,257,20
1774707693659,257,50
1774707693660,256,10
1774707693662,256,60
1774707693662,256,20
1774707693686,257,50
1774707693686,257,40
1774707693688,255,40
1774707693692,255,20
1774707693692,255,40
1774707693693,253,50
1774707693695,252,10
1774707693695,252,20
1774707693695,252,60
1774707693696,255,10
1774707693696,255,30
1774707693697,255,10
1774707693698,252,20
1774707693698,252,20
1774707693699,252,30
1774707693701,253,40
1774707693704,250,10
1774707693705,250,10
1774707693705,250,10
1774707693706,246,80
1774707693706,246,20
1774707693707,250,70
1774707693708,250,30
1774707693716,250,70
1774707693717,250,30
1774707693717,250,50
1774707693719,245,30
1774707693719,245,40
1774707693720,251,60
1774707693720,251,10
1774707693722,250,20
1774707693722,250,40
1774707693722,250,10
1774707693729,250,40
1774707693736,251,50
1774707693737,251,20
1774707693739,247,30
1774707693741,251,30
1774707693744,250,10
1774707693744,250,60
1774707693745,250,30
1774707693746,250,10
1774707693746,250,40
1774707693749,250,60
1774707693752,250,10
1774707693752,250,10
1774707693756,252,40
1774707693763,254,10
1774707693769,246,70
1774707693770,246,20
1774707693771,254,40
1774707693780,250,30
1774707693782,252,20
1774707693782,252,30
1774707693784,247,50
1774707693785,247,30
1774707693785,247,20
1774707693792,254,30
1774707693793,254,30
1774707693796,252,10
1774707693796,252,60
1774707693797,254,20
1774707693798,254,30
1774707693798,254,50
1774707693805,252,30
1774707693806,254,10
1774707693808,252,50
1774707693830,252,10
1774707693830,252,50
1774707693833,252,30
1774707693850,252,30
1774707693850,252,20
1774707693853,252,70
1774707693866,254,20
1774707693866,254,20
1774707693869,254,30
1774707693878,254,30
1774707693879,254,30
1774707693880,254,10
1774707693885,254,50
1774707693885,254,30
1774707693885,254,20
1774707693886,254,50
1774707693886,254,40
1774707693887,255,10
1774707693888,255,10
1774707693889,255,10
1774707693889,255,20
1774707693895,255,40
1774707693899,255,20
1774707693899,255,80
1774707693904,256,40
1774707693905,256,30
1774707693905,256,20
1774707693907,256,10
1774707693908,256,70
1774707693913,256,10
1774707693914,256,50
1774707693916,257,50
1774707693920,252,10
1774707693920,252,20
1774707693924,255,20
1774707693930,255,60
1774707693938,255,40
1774707693939,256,10
1774707693953,256,40
1774707693962,256,30
1774707693967,255,60
1774707693967,255,10
1774707693974,255,20
1774707693975,252,50
1774707693975,252,50
1774707693976,254,40
1774707693977,254,30
1774707693978,249,40
1774707693978,249,30
1774707693982,248,20
1774707693983,252,20
1774707693987,252,20
1774707693988,252,20
1774707693992,246,70
1774707693995,250,10
1774707693996,250,20
1774707693996,250,20
1774707693996,250,10
1774707693997,250,10
1774707693999,252,50
1774707694000,252,30
1774707694003,250,10
1774707694007,243,40
1774707694009,241,20
1774707694009,241,50
1774707694010,244,10
1774707694011,244,10
1774707694012,244,30
1774707694015,243,50
1774707694016,243,10
1774707694020,245,50
1774707694021,245,40
1774707694022,243,80
1774707694023,246,10
1774707694023,246,40
1774707694025,245,20
1774707694025,245,50
1774707694026,247,40
1774707694026,247,50
1774707694031,245,30
1774707694032,245,40
1774707694034,250,10
1774707694034,250,60
1774707694034,250,20
1774707694035,248,30
1774707694036,248,50
1774707694038,248,40
1774707694040,248,10
1774707694040,248,40
1774707694045,251,20
1774707694046,251,30
1774707694046,249,50
1774707694049,249,70
1774707694050,249,30
1774707694052,246,30
1774707694053,246,30
1774707694055,248,10
1774707694056,248,40
1774707694056,248,20
1774707694057,245,30
1774707694057,245,40
1774707694063,248,40
1774707694064,248,60
1774707694068,246,20
1774707694069,246,80
1774707694071,245,10
1774707694072,245,20
1774707694074,246,10
1774707694085,245,30
1774707694086,245,60
1774707694087,243,10
1774707694087,243,20
1774707694087,243,30
1774707694087,243,10
1774707694088,243,30
1774707694091,248,20
1774707694092,248,20
1774707694092,248,20
1774707694094,248,30
1774707694095,248,10
1774707694095,248,10
1774707694096,250,30
1774707694096,250,10
1774707694104,248,40
1774707694105,249,10
1774707694106,249,10
1774707694110,249,60
1774707694116,249,40
1774707694117,249,20
1774707694130,250,70
1774707694132,250,30
1774707694150,247,30
1774707694151,247,40
1774707694154,245,10
1774707694154,245,70
1774707694165,248,80
1774707694170,248,20
1774707694173,248,50
1774707694173,248,20
1774707694176,245,80
1774707694177,245,20
1774707694184,246,40
1774707694184,246,30
1774707694186,245,10
1774707694186,245,50
1774707694187,245,10
1774707694189,247,20
1774707694190,247,30
1774707694211,250,10
1774707694217,250,70
1774707694217,250,30
1774707694225,250,30
1774707694225,250,60
1774707694229,250,10
1774707694231,251,50
1774707694240,251,70
1774707694251,251,50
1774707694254,251,30
1774707694254,251,30
1774707694255,251,30
1774707694257,251,20
1774707694257,251,60
1774707694262,251,80
1774707694265,251,10
1774707694266,252,90
1774707694268,252,10
1774707694270,252,70
1774707694270,252,10
1774707694271,252,20
1774707694271,252,70
1774707694274,252,10
1774707694275,252,30
1774707694275,252,30
1774707694276,252,10
1774707694278,252,40
1774707694281,252,10
1774707694282,253,50
1774707694284,253,30
1774707694287,253,10
1774707694287,253,10
1774707694288,253,60
1774707694289,253,10
1774707694293,253,90
1774707694296,254,100
1774707694300,255,80
1774707694301,255,10
1774707694302,255,50
1774707694303,255,20
1774707694303,256,80
1774707694314,256,20
1774707694315,256,20
1774707694316,256,20
1774707694317,256,10
1774707694317,256,30
1774707694320,256,30
1774707694321,256,50
1774707694329,256,20
1774707694333,256,10
1774707694333,256,30
1774707694334,256,10
1774707694335,256,20
1774707694335,257,40
1774707694341,256,50
1774707694344,256,40
1774707694345,257,30
1774707694345,257,10
1774707694352,257,90
1774707694358,257,20
1774707694366,257,20
1774707694369,257,60
1774707694370,257,40
1774707694372,257,30
1774707694373,257,20
1774707694377,257,80
1774707694377,257,20
1774707694380,257,50
1774707694380,257,30
1774707694381,257,40
1774707694383,257,20
1774707694391,257,40
1774707694391,257,20
1774707694392,258,10
1774707694395,258,80
1774707694402,258,20
1774707694402,258,60
1774707694402,258,20
1774707694405,258,30
1774707694406,258,20
1774707694408,258,50
1774707694408,258,20
1774707694411,258,20
1774707694411,258,40
1774707694412,258,40
1774707694417,258,10
1774707694422,258,50
1774707694424,258,30
1774707694424,258,60
1774707694424,258,10
1774707694433,258,40
1774707694449,258,20
1774707694450,258,20
1774707694451,258,30
1774707694451,258,20
1774707694455,258,40
1774707694460,258,30
1774707694460,258,30
1774707694473,258,60
1774707694478,255,50
1774707694478,255,30
1774707694479,255,20
1774707694485,258,10
1774707694485,258,70
1774707694485,258,20
1774707694493,258,20
1774707694493,258,50
1774707694499,258,50
1774707694499,258,10
1774707694503,258,30
1774707694505,258,40
1774707694506,258,20
1774707694507,258,40
1774707694509,258,20
1774707694516,258,10
1774707694517,258,30
1774707694518,259,20
1774707694522,259,50
1774707694523,259,20
1774707694524,259,10
1774707694527,257,80
1774707694527,259,10
1774707694544,258,30
1774707694549,256,50
1774707694550,256,40
1774707694557,259,30
1774707694557,259,50
1774707694557,259,20
1774707694558,255,10
1774707694562,255,40
1774707694563,255,20
1774707694563,255,20
1774707694568,256,40
1774707694575,256,20
1774707694576,256,10
1774707694588,259,20
1774707694588,259,50
1774707694597,259,10
1774707694597,259,50
1774707694600,259,50
1774707694600,259,30
1774707694601,259,10
1774707694602,259,40
1774707694613,259,20
1774707694613,259,70
1774707694619,259,40
1774707694620,259,10
1774707694622,259,30
1774707694625,259,10
1774707694625,260,10
1774707694626,260,50
1774707694626,260,30
1774707694633,260,20
1774707694633,260,40
1774707694633,260,40
1774707694642,260,20
1774707694647,260,20
1774707694647,260,40
1774707694653,260,10
1774707694656,260,10
1774707694657,260,20
1774707694659,260,70
1774707694659,260,20
1774707694662,260,10
1774707694663,260,10
1774707694667,260,10
1774707694667,260,20
1774707694675,260,40
1774707694678,260,10
1774707694682,260,10
1774707694682,260,40
1774707694686,260,20
1774707694688,260,50
1774707694692,260,50
1774707694692,260,10
1774707694698,260,70
1774707694699,260,20
1774707694703,260,30
1774707694703,260,50
1774707694704,260,10
1774707694704,260,50
1774707694705,260,40
1774707694708,260,20
1774707694711,260,10
1774707694712,260,20
1774707694713,260,20
1774707694716,260,10
1774707694723,260,30
1774707694725,260,20
1774707694725,260,10
1774707694726,261,50
1774707694728,261,20
1774707694729,261,40
1774707694733,261,40
1774707694735,261,10
1774707694735,261,10
1774707694740,261,40
1774707694740,261,20
1774707694740,261,10
1774707694741,261,30
1774707694742,261,50
1774707694743,261,10
1774707694744,261,20
1774707694744,261,50
1774707694745,261,50
1774707694746,261,40
1774707694749,261,30
1774707694753,261,40
1774707694753,261,20
1774707694766,261,10
1774707694767,261,20
1774707694768,261,20
1774707694770,261,10
1774707694770,261,40
1774707694771,261,30
1774707694772,261,40
1774707694772,261,40
1774707694773,261,20
1774707694780,261,10
1774707694800,262,50
1774707694800,262,10
1774707694801,262,30
1774707694814,262,10
1774707694814,262,60
1774707694833,262,20
1774707694833,262,50
1774707694833,262,30
1774707694840,262,30
1774707694845,262,10
1774707694851,262,30
1774707694852,262,20
1774707694852,262,10
1774707694853,262,20
1774707694856,262,70
1774707694857,262,10
1774707694863,262,50
1774707694866,262,20
1774707694869,262,20
1774707694872,262,80
1774707694872,262,20
1774707694874,262,10
1774707694874,262,40
1774707694875,262,20
1774707694875,262,80
1774707694875,262,20
1774707694876,262,10
1774707694877,262,10
1774707694877,262,20
1774707694877,262,50
1774707694878,262,40
1774707694878,262,20
1774707694883,263,50
1774707694884,263,20
1774707694884,263,50
1774707694890,263,40
1774707694901,263,20
1774707694905,263,20
1774707694907,263,10
1774707694907,263,90
1774707694909,263,10
1774707694918,263,20
1774707694919,263,20
1774707694925,263,20
1774707694928,263,90
1774707694932,263,60
1774707694934,263,20
1774707694934,263,60
1774707694935,263,20
1774707694936,263,10
1774707694936,263,20
1774707694937,263,20
1774707694946,263,40
1774707694954,263,70
1774707694955,263,10
1774707694958,263,70
1774707694962,263,30
1774707694963,263,60
1774707694969,263,30
1774707694969,263,10
1774707694970,263,40
1774707694973,263,40
1774707694975,263,20
1774707694978,263,80
1774707694979,263,30
1774707694980,263,50
1774707694984,262,10
1774707694985,262,70
1774707694994,263,50
1774707694994,263,20
1774707694995,263,40
1774707695002,263,40
1774707695002,263,30
1774707695015,263,50
1774707695016,263,40
1774707695017,263,40
1774707695018,263,10
1774707695033,262,30
1774707695033,262,30
1774707695034,263,30
1774707695035,263,20
1774707695036,263,20
1774707695039,262,20
1774707695058,263,10
1774707695058,263,40
1774707695058,263,30
1774707695067,261,30
1774707695078,262,10
1774707695078,262,40
1774707695079,262,30
1774707695079,262,10
1774707695088,261,30
1774707695108,261,20
1774707695118,260,40
1774707695118,260,50
1774707695121,260,30
1774707695121,260,40
1774707695122,260,10
1774707695127,259,10
1774707695129,259,20
1774707695129,259,20
1774707695129,259,20
1774707695130,259,30
1774707695132,261,10
1774707695132,261,50
1774707695133,258,10
1774707695134,258,80
1774707695146,263,30
1774707695146,263,30
1774707695146,263,10
1774707695149,263,40
1774707695149,263,20
1774707695165,262,20
1774707695167,261,40
1774707695169,260,10
1774707695169,260,40
1774707695174,260,20
1774707695174,260,10
1774707695188,262,40
1774707695188,263,30
1774707695195,263,20
1774707695196,263,10
1774707695196,263,20
1774707695197,263,10
1774707695197,263,30
1774707695198,263,50
1774707695202,263,10
1774707695202,263,80
1774707695207,263,40
1774707695208,263,60
1774707695208,263,20
1774707695211,263,30
1774707695214,263,30
1774707695214,263,10
1774707695214,263,50
1774707695220,262,30
1774707695227,263,30
1774707695246,263,20
1774707695246,263,70
1774707695250,263,20
1774707695251,263,10
1774707695254,263,10
1774707695264,263,40
1774707695265,264,30
1774707695275,264,30
1774707695275,264,10
1774707695282,264,80
1774707695283,264,10
1774707695283,264,20
1774707695284,264,80
1774707695291,264,60
1774707695307,264,20
1774707695307,264,10
1774707695318,264,60
1774707695318,264,30
1774707695319,264,80
1774707695320,264,10
1774707695321,264,30
1774707695327,264,40
1774707695328,264,50
1774707695329,264,30
1774707695329,264,60
1774707695335,264,40
1774707695335,264,40
1774707695336,264,30
1774707695338,264,10
1774707695340,264,20
1774707695340,264,10
1774707695340,264,50
1774707695343,264,60
1774707695344,264,10
1774707695345,264,20
1774707695348,264,70
1774707695348,264,10
1774707695348,264,10
1774707695349,264,10
1774707695349,264,70
1774707695350,264,10
1774707695351,264,80
1774707695351,264,10
1774707695352,264,60
1774707695353,264,10
1774707695354,264,90
1774707695357,264,100
1774707695361,264,70
1774707695363,264,20
1774707695364,264,10
1774707695364,264,20
1774707695365,264,20
1774707695365,264,30
1774707695368,264,40
1774707695368,264,20
1774707695369,264,10
1774707695369,264,10
1774707695370,264,10
1774707695373,264,50
1774707695374,264,30
1774707695378,264,50
1774707695379,264,40
1774707695380,264,40
1774707695391,264,10
1774707695392,265,30
1774707695394,265,30
1774707695395,265,40
1774707695396,265,10
1774707695396,265,60
1774707695399,265,20
1774707695399,265,50
1774707695399,265,20
1774707695405,265,10
1774707695407,265,20
1774707695408,265,20
1774707695421,265,20
1774707695423,263,10
1774707695427,265,40
1774707695427,265,20
1774707695430,265,10
1774707695430,265,10
1774707695435,265,10
1774707695436,265,50
1774707695440,265,50
1774707695441,265,10
1774707695444,265,30
1774707695445,265,30
1774707695445,265,10
1774707695446,265,10
1774707695447,265,30
1774707695448,265,30
1774707695448,265,10
1774707695449,265,40
1774707695449,265,10
1774707695452,265,70
1774707695458,264,30
1774707695466,264,10
1774707695467,265,30
1774707695468,265,40
1774707695468,265,10
1774707695474,265,10
1774707695479,262,20
1774707695488,258,80
1774707695491,262,10
1774707695492,262,10
1774707695492,262,10
1774707695493,259,30
1774707695493,259,30
1774707695501,259,30
1774707695507,264,10
1774707695511,262,30
1774707695512,262,60
1774707695519,261,10
1774707695520,261,50
1774707695530,263,10
1774707695541,260,20
1774707695546,255,60
1774707695547,255,20
1774707695548,260,20
1774707695549,260,20
1774707695551,255,10
1774707695554,260,40
1774707695557,256,50
1774707695562,259,10
1774707695562,259,10
1774707695563,259,20
1774707695563,259,60
1774707695564,256,30
1774707695565,256,10
1774707695565,253,40
1774707695568,253,10
1774707695568,253,50
1774707695568,253,30
1774707695569,255,40
1774707695570,255,40
1774707695573,251,30
1774707695574,249,10
1774707695574,249,70
1774707695575,249,10
1774707695579,251,90
1774707695587,256,30
1774707695587,256,10
1774707695588,255,40
1774707695588,255,50
1774707695594,254,40
1774707695595,254,20
1774707695595,254,40
1774707695599,256,40
1774707695602,253,20
1774707695602,253,10
1774707695602,253,50
1774707695603,253,10
1774707695608,250,20
1774707695615,252,10
1774707695616,248,50
1774707695617,252,20
1774707695619,253,70
1774707695623,249,60
1774707695624,249,10
1774707695624,254,50
1774707695625,255,30
1774707695626,255,10
1774707695627,258,10
1774707695628,255,20
1774707695640,260,30
1774707695640,260,10
1774707695641,259,60
1774707695647,260,20
1774707695648,260,10
1774707695649,259,10
1774707695649,259,20
1774707695655,260,30
1774707695664,262,40
1774707695669,263,60
1774707695670,263,10
1774707695680,258,20
1774707695680,258,20
1774707695682,258,20
1774707695682,258,50
1774707695682,258,10
1774707695686,258,60
1774707695686,258,20
1774707695687,258,20
1774707695694,259,30
1774707695705,259,20
1774707695708,258,10
1774707695708,258,50
1774707695708,258,20
1774707695717,261,20
1774707695718,261,10
1774707695733,258,30
1774707695733,258,20
1774707695738,257,20
1774707695738,257,20
1774707695741,255,20
1774707695742,257,80
1774707695747,257,10
1774707695747,257,20
1774707695748,257,40
1774707695750,255,40
1774707695750,255,60
1774707695763,257,40
1774707695764,257,20
1774707695765,257,30
1774707695776,256,20
1774707695779,260,40
1774707695780,260,10
1774707695780,260,30
1774707695782,260,20
1774707695783,260,10
1774707695790,254,40
1774707695795,255,20
1774707695795,255,20
1774707695798,256,40
1774707695799,256,50
1774707695806,257,10
1774707695807,260,10
1774707695809,257,20
1774707695810,257,10
1774707695810,258,10
1774707695813,255,30
1774707695814,255,50
1774707695819,254,10
1774707695820,254,10
1774707695820,254,40
1774707695825,257,10
1774707695825,257,30
1774707695829,255,20
1774707695829,255,50
1774707695830,258,30
1774707695831,258,30
1774707695831,258,40
1774707695835,259,10
1774707695835,259,50
1774707695844,254,10
1774707695845,252,30
1774707695846,252,10
1774707695846,255,70
1774707695853,256,20
1774707695854,258,50
1774707695857,256,30
1774707695858,256,50
1774707695859,257,20
1774707695859,257,20
1774707695860,257,10
1774707695860,257,20
1774707695865,259,50
1774707695865,259,20
1774707695866,259,30
1774707695868,259,90
1774707695873,254,70
1774707695874,254,20
1774707695876,259,30
1774707695879,255,50
1774707695880,255,30
1774707695880,255,20
1774707695881,256,10
1774707695884,259,70
1774707695885,259,10
1774707695892,255,20
1774707695895,254,70
1774707695903,249,20
1774707695903,249,40
1774707695904,251,10
1774707695909,255,40
1774707695909,255,60
1774707695912,254,20
1774707695915,252,20
1774707695915,252,20
1774707695919,250,60
1774707695920,250,10
1774707695921,252,50
1774707695927,257,20
1774707695928,257,60
1774707695929,252,40
1774707695930,252,80
1774707695932,254,40
1774707695935,247,40
1774707695938,252,20
1774707695939,252,40
1774707695939,252,10
1774707695939,252,10
1774707695940,253,30
1774707695943,251,10
1774707695948,252,30
1774707695948,252,50
1774707695951,253,50
1774707695951,253,20
1774707695952,256,20
1774707695953,256,80
1774707695954,256,10
1774707695954,256,40
1774707695954,256,40
1774707695957,254,10
1774707695957,254,10
1774707695958,252,30
1774707695960,255,60
1774707695961,256,10
1774707695963,253,30
1774707695964,253,10
1774707695966,254,10
1774707695971,253,30
1774707695972,253,20
1774707695972,253,20
1774707695973,256,20
1774707695974,252,20
1774707695975,252,10
1774707695976,256,70
1774707695976,256,10
1774707695977,253,40
1774707695979,253,50
1774707695979,253,10
1774707695980,253,40
1774707695981,256,30
1774707695981,256,60
1774707695984,252,20
1774707695985,252,50
1774707695986,256,20
1774707695986,256,10
1774707695987,254,20
1774707695992,253,40
1774707695992,253,30
1774707695999,251,20
1774707696000,253,50
1774707696000,253,10
1774707696003,253,60
1774707696005,253,10
1774707696005,253,50
1774707696016,255,50
1774707696017,251,60
1774707696022,252,30
1774707696023,252,20
1774707696023,252,30
1774707696024,252,10
1774707696027,250,70
1774707696027,250,10
1774707696030,249,30
1774707696033,254,20
1774707696034,254,20
1774707696038,252,80
1774707696045,245,90
1774707696051,250,20
1774707696051,250,70
1774707696054,243,10
1774707696058,248,10
1774707696060,248,50
1774707696061,248,50
1774707696062,246,20
1774707696063,246,60
1774707696063,246,40
1774707696066,245,60
1774707696071,247,30
1774707696076,245,10
1774707696077,245,20
1774707696078,250,10
1774707696080,246,50
1774707696083,247,70
1774707696085,244,20
1774707696086,245,50
1774707696088,250,30
1774707696088,250,20
1774707696089,250,10
1774707696090,244,10
1774707696090,244,40
1774707696090,244,10
1774707696093,248,40
1774707696093,248,40
1774707696095,247,10
1774707696096,248,30
1774707696096,248,20
1774707696097,248,40
1774707696097,248,10
1774707696101,250,50
1774707696101,250,40
1774707696101,250,10
1774707696104,249,30
1774707696110,251,30
1774707696111,251,20
1774707696115,251,30
1774707696116,251,40
1774707696120,252,40
1774707696120,252,40
1774707696120,252,10
1774707696123,252,40
1774707696124,252,20
1774707696124,250,60
1774707696125,250,10
1774707696132,250,40
1774707696134,254,60
1774707696135,251,20
1774707696142,250,20
1774707696143,250,10
1774707696144,250,30
1774707696145,247,50
1774707696145,247,10
1774707696148,243,20
1774707696152,241,60
1774707696153,241,20
1774707696156,239,30
1774707696157,239,50
1774707696159,242,30
1774707696159,242,10
1774707696160,245,20
1774707696161,245,30
1774707696163,244,50
1774707696165,245,20
1774707696165,245,50
1774707696167,241,10
1774707696167,241,20
1774707696167,241,30
1774707696168,243,40
1774707696168,243,50
1774707696169,243,10
1774707696170,245,90
1774707696173,238,60
1774707696174,238,20
1774707696174,238,10
1774707696175,243,50
1774707696178,243,20
1774707696178,243,10
1774707696178,243,40
1774707696178,243,20
1774707696182,242,60
1774707696183,242,10
1774707696190,242,50
1774707696191,242,30
1774707696193,244,80
1774707696194,244,10
1774707696195,243,50
1774707696195,243,10
1774707696196,240,10
1774707696197,240,40
1774707696197,240,40
1774707696197,240,10
1774707696198,242,20
1774707696198,242,60
1774707696199,242,10
1774707696202,247,10
1774707696203,247,20
1774707696203,247,10
1774707696203,247,30
1774707696204,247,20
1774707696204,246,60
1774707696207,245,10
1774707696208,245,10
1774707696208,245,20
1774707696209,247,70
1774707696210,244,10
1774707696211,244,40
1774707696214,247,30
1774707696214,247,20
1774707696214,247,10
1774707696215,247,20
1774707696217,244,40
1774707696217,244,10
1774707696220,246,10
1774707696221,245,10
1774707696223,241,40
1774707696228,245,10
1774707696231,242,10
1774707696231,242,30
1774707696232,242,30
1774707696232,242,20
1774707696235,241,40
1774707696236,241,60
1774707696238,242,10
1774707696243,240,30
1774707696243,240,40
1774707696248,240,50
1774707696249,240,50
1774707696251,237,20
1774707696251,237,30
1774707696254,238,40
1774707696257,235,20
1774707696257,235,10
1774707696260,239,10
1774707696262,238,40
1774707696265,242,40
1774707696266,242,50
1774707696273,242,20
1774707696273,242,30
1774707696274,242,30
1774707696276,235,20
1774707696276,235,40
1774707696277,235,20
1774707696277,235,10
1774707696278,242,10
1774707696278,242,20
1774707696280,241,50
1774707696280,241,10
1774707696281,243,70
1774707696282,242,20
1774707696283,242,20
1774707696283,242,30
1774707696293,241,10
1774707696294,241,10
1774707696296,240,10
1774707696300,242,30
1774707696309,241,20
1774707696309,241,40
1774707696312,248,30
1774707696312,248,20
1774707696313,248,10
1774707696314,243,10
1774707696314,243,80
1774707696315,245,10
1774707696316,245,40
1774707696317,249,10
1774707696317,249,30
1774707696317,249,30
1774707696318,249,10
1774707696318,249,40
1774707696319,249,20
1774707696320,249,10
1774707696320,249,10
1774707696321,248,80
1774707696323,249,40
1774707696323,249,20
1774707696327,252,60
1774707696327,252,30
1774707696328,252,10
1774707696329,251,20
1774707696331,248,30
1774707696332,248,20
1774707696337,249,30
1774707696338,249,10
1774707696338,249,40
1774707696344,246,30
1774707696344,246,60
1774707696347,251,20
1774707696348,251,10
1774707696349,250,70
1774707696349,250,20
1774707696350,245,10
1774707696350,245,10
1774707696352,244,20
1774707696374,247,20
1774707696376,243,40
1774707696376,243,30
1774707696377,245,60
1774707696377,245,20
1774707696379,244,50
1774707696379,244,10
1774707696379,244,20
1774707696380,241,60
1774707696380,241,30
1774707696382,246,50
1774707696383,246,20
1774707696384,246,70
1774707696385,244,30
1774707696385,244,30
1774707696385,244,40
1774707696388,242,50
1774707696388,242,40
1774707696391,245,40
1774707696392,247,20
1774707696396,245,40
1774707696397,246,10
1774707696398,246,50
1774707696398,246,10
1774707696398,246,10
1774707696399,249,20
1774707696399,249,10
1774707696400,244,20
1774707696400,244,60
1774707696402,243,10
1774707696405,243,30
1774707696410,242,30
1774707696410,242,30
1774707696410,242,40
1774707696411,247,40
1774707696418,248,10
1774707696419,250,10
1774707696421,247,20
1774707696424,249,50
1774707696425,249,10
1774707696432,248,60
1774707696435,250,10
1774707696435,250,30
1774707696436,250,60
1774707696437,245,40
1774707696437,245,40
1774707696440,247,20
1774707696440,247,50
1774707696441,247,10
1774707696447,245,90
1774707696450,248,10
1774707696451,248,60
1774707696451,248,20
1774707696454,243,40
1774707696454,243,50
1774707696457,239,10
1774707696463,249,20
1774707696463,249,30
1774707696469,247,30
1774707696470,247,40
1774707696471,248,40
1774707696473,248,20
1774707696473,248,80
1774707696477,245,20
1774707696478,245,20
1774707696478,245,10
1774707696479,243,80
1774707696482,246,10
1774707696486,244,60
1774707696486,244,40
1774707696487,244,10
1774707696487,244,20
1774707696488,244,40
1774707696490,245,40
1774707696498,244,40
1774707696507,243,20
1774707696510,239,40
1774707696514,243,20
1774707696514,243,30
1774707696516,244,10
1774707696517,240,30
1774707696517,240,50
1774707696519,242,40
1774707696525,237,40
1774707696528,241,30
1774707696532,237,10
1774707696534,237,80
1774707696539,238,10
1774707696544,242,70
1774707696544,242,20
1774707696547,242,40
1774707696547,242,30
1774707696550,241,10
1774707696553,242,30
1774707696557,240,20
1774707696558,240,20
1774707696558,240,20
1774707696558,240,10
1774707696564,242,20
1774707696564,242,60
1774707696565,242,20
1774707696567,243,30
1774707696569,240,10
1774707696570,241,30
1774707696570,241,20
1774707696571,241,10
1774707696573,241,50
1774707696578,245,50
1774707696580,241,20
1774707696583,237,20
1774707696587,240,10
1774707696588,240,20
1774707696589,245,30
1774707696589,245,30
1774707696590,245,20
1774707696590,245,50
1774707696595,244,20
1774707696597,245,10
1774707696598,245,10
1774707696598,245,20
1774707696605,243,30
1774707696605,243,40
1774707696605,243,10
1774707696606,247,50
1774707696610,240,70
1774707696610,240,10
1774707696611,244,20
1774707696611,244,60
1774707696614,245,30
1774707696615,245,30
1774707696616,238,20
1774707696620,238,90
1774707696622,237,10
1774707696623,241,10
1774707696625,236,20
1774707696627,237,50
1774707696627,237,10
1774707696628,235,20
1774707696629,235,70
1774707696631,235,40
1774707696632,235,40
1774707696632,235,20
1774707696636,238,40
1774707696637,236,50
1774707696639,239,10
1774707696639,239,10
1774707696641,237,10
1774707696641,237,90
1774707696646,235,10
1774707696646,235,50
1774707696647,229,40
1774707696647,229,10
1774707696648,229,30
1774707696648,229,10
1774707696649,237,80
1774707696650,233,10
1774707696653,231,10
1774707696654,231,80
1774707696660,231,20
1774707696660,231,40
1774707696661,230,50
1774707696663,231,10
1774707696663,231,10
1774707696664,231,20
1774707696664,231,60
1774707696666,230,10
1774707696667,230,60
1774707696667,230,20
1774707696669,235,30
1774707696671,229,40
1774707696671,229,50
1774707696671,229,10
1774707696673,230,70
1774707696674,230,30
1774707696674,231,10
1774707696678,232,20
1774707696680,231,70
1774707696680,231,10
1774707696682,233,10
1774707696685,233,30
1774707696688,236,10
1774707696690,236,40
1774707696690,236,30
1774707696691,236,10
1774707696691,236,20
1774707696697,235,60
1774707696702,234,20
1774707696702,234,40
1774707696704,237,40
1774707696706,232,10
1774707696707,232,50
1774707696711,236,30
1774707696711,236,30
1774707696713,234,20
1774707696713,234,10
1774707696713,234,30
1774707696714,234,10
1774707696714,236,30
1774707696719,239,90
1774707696723,237,10
1774707696723,237,30
1774707696727,237,10
1774707696727,237,60
1774707696733,237,30
1774707696738,237,10
1774707696738,237,50
1774707696739,241,30
1774707696740,241,20
1774707696740,241,50
1774707696741,240,10
1774707696741,240,50
1774707696745,240,10
1774707696755,237,70
1774707696755,237,20
1774707696757,238,60
1774707696760,236,50
1774707696760,236,10
1774707696765,238,50
1774707696768,233,40
1774707696768,233,20
1774707696769,236,10
1774707696770,236,50
1774707696770,236,40
1774707696771,241,20
1774707696772,238,20
1774707696775,238,10
1774707696776,238,70
1774707696776,238,10
1774707696776,238,10
1774707696777,242,20
1774707696777,242,50
1774707696780,242,30
1774707696783,241,20
1774707696784,241,40
1774707696786,244,40
1774707696787,244,40
1774707696787,244,10
1774707696788,241,10
1774707696790,242,20
1774707696790,242,10
1774707696791,243,10
1774707696796,241,70
1774707696799,238,40
1774707696804,243,10
1774707696804,243,30
1774707696804,243,30
1774707696804,243,10
1774707696805,243,10
1774707696805,245,20
1774707696807,245,40
1774707696808,245,40
1774707696810,243,40
1774707696811,243,50
1774707696811,243,10
1774707696814,242,70
1774707696815,241,20
1774707696816,241,70
1774707696820,239,10
1774707696821,239,30
1774707696825,238,10
1774707696825,238,50
1774707696825,238,10
1774707696830,235,30
1774707696832,238,10
1774707696836,236,30
1774707696836,236,10
1774707696836,236,60
1774707696837,241,30
1774707696839,237,20
1774707696842,240,10
1774707696843,240,10
1774707696848,238,10
1774707696849,238,30
1774707696849,238,40
1774707696849,238,40
1774707696850,238,10
1774707696851,239,20
1774707696851,239,40
1774707696851,239,10
1774707696852,240,70
1774707696853,240,20
1774707696853,240,10
1774707696854,238,20
1774707696856,238,30
1774707696856,238,40
1774707696861,235,30
1774707696862,236,20
1774707696863,236,30
1774707696863,236,10
1774707696863,236,40
1774707696864,233,30
1774707696864,233,60
1774707696865,231,30
1774707696865,231,30
1774707696866,231,30
1774707696867,236,20
1774707696867,236,30
1774707696870,235,20
1774707696871,238,40
1774707696877,239,10
1774707696877,239,10
1774707696878,239,60
1774707696881,232,20
1774707696882,235,10
1774707696882,235,40
1774707696883,235,30
1774707696885,238,60
1774707696888,231,20
1774707696888,231,60
1774707696889,231,20
1774707696892,235,20
1774707696893,234,30
1774707696893,234,10
1774707696894,236,20
1774707696894,236,40
1774707696895,236,20
1774707696896,233,20
1774707696896,233,50
1774707696897,235,40
1774707696899,234,40
1774707696900,235,50
1774707696904,239,30
1774707696905,238,40
1774707696908,238,10
1774707696909,238,20
1774707696910,240,40
1774707696916,239,30
1774707696919,239,20
1774707696923,244,20
1774707696923,244,10
1774707696924,244,50
1774707696925,245,10
1774707696925,245,20
1774707696925,245,20
1774707696929,242,50
1774707696929,242,50
1774707696930,240,40
1774707696931,240,10
1774707696931,240,50
1774707696934,244,10
1774707696934,244,50
1774707696934,244,30
1774707696940,245,50
1774707696941,245,30
1774707696942,242,10
1774707696942,242,40
1774707696948,245,10
1774707696956,242,40
1774707696956,242,30
1774707696962,241,20
1774707696962,241,10
1774707696963,243,80
1774707696964,243,10
1774707696965,238,20
1774707696970,241,10
1774707696971,241,70
1774707696971,241,20
1774707696975,243,50
1774707696975,243,10
1774707696975,243,20
1774707696976,241,40
1774707696979,244,20
1774707696980,244,40
1774707696981,237,50
1774707696981,237,40
1774707696984,238,50
1774707696984,238,30
1774707696985,241,10
1774707696986,241,40
1774707696987,239,20
1774707696987,239,50
1774707696988,239,10
1774707696996,236,20
1774707696998,237,30
1774707696998,237,40
1774707696999,238,40
1774707697000,238,10
1774707697000,238,30
1774707697007,240,50
1774707697012,236,20
1774707697013,236,20
1774707697013,236,50
1774707697014,238,40
1774707697014,238,10
1774707697015,236,30
1774707697020,234,10
1774707697020,234,20
1774707697021,239,20
1774707697023,239,30
1774707697023,239,60
1774707697024,239,10
1774707697026,239,70
1774707697029,236,20
1774707697029,236,10
1774707697033,236,20
1774707697034,239,50
1774707697034,239,20
1774707697036,237,70
1774707697037,238,10
1774707697037,238,50
1774707697038,238,10
1774707697039,238,20
1774707697039,238,70
1774707697040,232,20
1774707697042,238,10
1774707697043,234,30
1774707697044,234,60
1774707697045,235,40
1774707697045,235,10
1774707697045,235,10
1774707697050,231,30
1774707697050,231,30
1774707697051,231,20
1774707697051,231,10
1774707697052,232,10
1774707697052,232,20
1774707697058,232,20
1774707697066,236,10
1774707697066,236,60
1774707697067,236,10
1774707697070,237,60
1774707697072,238,10
1774707697072,238,70
1774707697075,236,10
1774707697076,236,10
1774707697077,236,10
1774707697078,233,80
1774707697079,233,10
1774707697080,236,20
1774707697081,236,10
1774707697082,236,20
1774707697082,235,40
1774707697082,235,30
1774707697083,236,10
1774707697084,236,20
1774707697086,238,30
1774707697087,238,70
1774707697096,234,20
1774707697097,234,10
1774707697097,235,60
1774707697098,235,10
1774707697102,232,10
1774707697102,232,30
1774707697102,232,20
1774707697105,233,10
1774707697105,233,70
1774707697108,232,10
1774707697109,232,10
1774707697110,230,20
1774707697110,230,40
1774707697112,231,40
1774707697113,231,30
1774707697115,233,20
1774707697115,233,40
1774707697116,233,20
1774707697116,232,60
1774707697119,229,90
1774707697121,231,10
1774707697121,231,70
1774707697122,234,30
1774707697123,234,20
1774707697123,234,10
1774707697123,234,10
1774707697127,235,80
1774707697128,235,20
1774707697130,234,30
1774707697131,234,10
1774707697132,234,10
1774707697135,232,50
1774707697138,236,10
1774707697138,236,40
1774707697140,233,50
1774707697140,233,50
1774707697149,231,20
1774707697150,231,20
1774707697152,231,40
1774707697153,231,20
1774707697156,233,60
1774707697157,234,10
1774707697158,234,80
1774707697158,234,10
1774707697165,231,70
1774707697168,233,10
1774707697171,233,30
1774707697180,234,10
1774707697181,227,20
1774707697182,234,20
1774707697183,234,20
1774707697184,230,70
1774707697185,234,10
1774707697186,234,60
1774707697186,234,20
1774707697187,234,30
1774707697187,234,30
1774707697187,234,30
1774707697192,229,10
1774707697193,232,20
1774707697194,232,70
1774707697194,230,20
1774707697195,230,60
1774707697195,230,20
1774707697196,232,20
1774707697199,231,50
1774707697199,231,20
1774707697200,231,20
1774707697200,231,10
1774707697202,228,40
1774707697206,226,50
1774707697207,226,10
1774707697208,226,30
1774707697209,232,30
1774707697209,232,50
1774707697210,229,40
1774707697210,229,40
1774707697212,232,50
1774707697212,232,10
1774707697215,227,20
1774707697216,225,20
1774707697222,230,50
1774707697223,225,20
1774707697223,225,30
1774707697224,225,50
1774707697227,227,20
1774707697228,227,10
1774707697228,227,20
1774707697230,235,10
1774707697232,231,80
1774707697232,231,20
1774707697234,233,50
1774707697234,233,20
1774707697235,226,20
1774707697238,230,20
1774707697239,230,50
1774707697244,230,20
1774707697244,230,20
1774707697244,230,30
1774707697245,230,10
1774707697248,232,30
1774707697251,234,20
1774707697251,234,40
1774707697253,233,60
1774707697254,233,10
1774707697255,237,50
1774707697258,239,40
1774707697262,240,30
1774707697262,240,40
1774707697264,235,30
1774707697270,235,40
1774707697273,239,30
1774707697273,239,50
1774707697274,239,10
1774707697274,234,80
1774707697279,232,10
1774707697280,232,20
1774707697280,232,10
1774707697282,238,70
1774707697285,236,40
1774707697285,238,40
1774707697286,238,30
1774707697289,241,40
1774707697289,241,50
1774707697298,236,40
1774707697298,236,10
1774707697299,236,50
1774707697301,241,20
1774707697301,241,40
1774707697304,238,20
1774707697309,239,20
1774707697309,239,10
1774707697310,240,40
1774707697310,240,60
1774707697326,237,50
1774707697326,237,30
1774707697329,240,40
1774707697337,239,10
1774707697341,242,10
1774707697344,243,10
1774707697345,244,10
1774707697345,244,10
1774707697360,244,30
1774707697361,244,40
1774707697365,244,10
1774707697367,244,50
1774707697367,244,20
1774707697371,244,10
1774707697374,244,40
1774707697374,245,30
1774707697404,241,70
1774707697405,243,10
1774707697405,243,10
1774707697421,244,60
1774707697422,243,30
1774707697441,242,60
1774707697442,242,20
1774707697446,243,30
1774707697446,243,30
1774707697457,239,30
1774707697457,239,50
1774707697458,239,20
1774707697458,241,30
1774707697459,241,40
1774707697465,239,40
1774707697477,238,20
1774707697478,238,50
1774707697478,238,10
1774707697480,241,20
1774707697481,241,50
1774707697482,241,20
1774707697483,240,10
1774707697490,239,10
1774707697491,239,10
1774707697491,239,80
1774707697493,239,20
1774707697493,239,50
1774707697493,239,30
1774707697494,237,30
1774707697494,237,20
1774707697504,238,50
1774707697504,238,20
1774707697508,238,30
1774707697510,238,50
1774707697510,238,10
1774707697511,233,20
1774707697516,236,10
1774707697516,236,10
1774707697518,234,100
1774707697521,232,30
1774707697521,232,50
1774707697521,232,10
1774707697522,235,50
1774707697522,235,10
1774707697524,231,50
1774707697524,231,10
1774707697524,231,20
1774707697525,231,50
1774707697527,231,20
1774707697533,230,10
1774707697534,230,20
1774707697534,230,40
1774707697535,229,10
1774707697535,229,40
1774707697538,229,50
1774707697538,229,40
1774707697538,229,10
1774707697540,229,10
1774707697541,231,20
1774707697543,230,50
1774707697552,230,10
1774707697558,230,20
1774707697559,230,20
1774707697559,230,20
1774707697560,227,30
1774707697561,229,40
1774707697562,229,20
1774707697563,225,20
1774707697563,225,30
1774707697568,227,10
1774707697568,227,10
1774707697574,225,20
1774707697574,225,40
1774707697576,228,10
1774707697576,228,60
1774707697576,228,10
1774707697581,225,10
1774707697582,225,50
1774707697583,227,30
1774707697587,227,10
1774707697587,227,80
1774707697587,227,10
1774707697588,226,30
1774707697590,228,10
1774707697590,228,10
1774707697591,231,10
1774707697593,224,20
1774707697593,224,10
1774707697595,230,70
1774707697595,230,30
1774707697601,225,10
1774707697601,225,20
1774707697602,226,80
1774707697604,225,70
1774707697605,227,20
1774707697606,227,30
1774707697607,230,10
1774707697607,230,10
1774707697608,227,10
1774707697609,227,60
1774707697609,227,10
1774707697609,227,10
1774707697610,229,50
1774707697612,230,30
1774707697613,229,20
1774707697614,229,20
1774707697624,229,10
1774707697624,229,70
1774707697625,229,10
1774707697629,229,60
1774707697629,224,30
1774707697629,224,20
1774707697630,227,10
1774707697630,227,30
1774707697632,223,30
1774707697632,223,50
1774707697633,228,20
1774707697641,219,20
1774707697641,219,20
1774707697642,219,30
1774707697642,219,20
1774707697643,224,30
1774707697644,223,20
1774707697645,223,10
1774707697645,223,30
1774707697648,223,60
1774707697648,223,20
1774707697651,225,60
1774707697652,222,20
1774707697653,222,10
1774707697654,225,70
1774707697657,222,20
1774707697657,222,30
1774707697662,224,20
1774707697662,224,20
1774707697663,220,40
1774707697669,226,20
1774707697670,226,80
1774707697671,220,20
1774707697672,221,10
1774707697677,225,40
1774707697679,230,50
1774707697679,230,40
1774707697681,228,10
1774707697681,228,10
1774707697682,227,10
1774707697682,227,30
1774707697684,225,20
1774707697684,225,70
1774707697687,223,20
1774707697688,222,50
1774707697690,227,10
1774707697691,227,50
1774707697692,226,20
1774707697693,224,40
1774707697695,221,40
1774707697703,226,30
1774707697708,229,30
1774707697712,228,20
1774707697712,228,30
1774707697712,228,40
1774707697713,225,10
1774707697715,223,10
1774707697715,223,80
1774707697716,229,20
1774707697716,229,40
1774707697717,229,40
1774707697719,221,40
1774707697729,224,20
1774707697732,223,20
1774707697733,224,60
1774707697733,224,20
1774707697737,224,30
1774707697738,223,10
1774707697738,223,20
1774707697740,225,40
1774707697740,225,30
1774707697742,224,30
1774707697752,219,50
1774707697753,219,20
1774707697754,225,70
1774707697757,220,10
1774707697757,220,30
1774707697757,220,10
1774707697760,222,50
1774707697763,220,40
1774707697763,220,10
1774707697768,220,20
1774707697768,220,30
1774707697771,221,60
1774707697771,221,20
1774707697772,221,10
1774707697772,219,20
1774707697773,219,60
1774707697780,219,20
1774707697780,219,30
1774707697786,223,70
1774707697786,223,20
1774707697787,223,10
1774707697789,225,20
1774707697790,225,10
1774707697790,225,50
1774707697791,225,10
1774707697791,222,10
1774707697791,222,40
1774707697792,222,30
1774707697792,224,10
1774707697792,224,10
1774707697794,223,50
1774707697794,223,50
1774707697797,222,20
1774707697797,222,40
1774707697802,220,10
1774707697802,220,50
1774707697803,220,10
1774707697803,223,70
1774707697804,223,20
1774707697805,220,40
1774707697805,220,50
1774707697809,220,40
1774707697811,222,10
1774707697812,222,20
1774707697812,222,50
1774707697815,220,30
1774707697816,220,30
1774707697816,220,10
1774707697817,220,30
1774707697818,222,30
1774707697821,215,20
1774707697821,215,30
1774707697824,218,10
1774707697825,221,30
1774707697826,221,40
1774707697830,219,20
1774707697831,219,10
1774707697835,220,50
1774707697840,218,20
1774707697840,218,40
1774707697841,217,50
1774707697843,221,20
1774707697843,221,20
1774707697844,219,20
1774707697854,218,40
1774707697856,222,20
1774707697856,222,10
1774707697859,220,90
1774707697862,215,30
1774707697869,218,30
1774707697870,216,10
1774707697870,216,60
1774707697879,222,20
1774707697880,220,70
1774707697882,217,10
1774707697882,217,80
1774707697886,220,10
1774707697892,217,40
1774707697894,214,40
1774707697895,214,40
1774707697895,220,60
1774707697896,220,10
1774707697896,220,30
1774707697897,218,20
1774707697901,215,40
1774707697903,214,30
1774707697904,219,30
1774707697905,219,40
1774707697906,217,30
1774707697911,215,10
1774707697914,222,60
1774707697915,221,30
1774707697916,221,50
1774707697916,221,10
1774707697917,219,20
1774707697917,219,40
1774707697918,216,30
1774707697919,216,30
1774707697923,224,30
1774707697926,219,30
1774707697927,219,10
1774707697927,219,10
1774707697928,226,20
1774707697928,226,10
1774707697930,224,40
1774707697933,221,10
1774707697933,221,50
1774707697933,221,10
1774707697934,226,20
1774707697935,226,70
1774707697941,227,10
1774707697942,227,80
1774707697942,228,20
1774707697943,228,10
1774707697947,229,60
1774707697948,229,10
1774707697948,229,10
1774707697949,228,10
1774707697949,228,70
1774707697952,233,20
1774707697952,233,40
1774707697952,233,40
1774707697953,230,10
1774707697958,235,20
1774707697959,235,10
1774707697959,230,20
1774707697961,231,60
1774707697962,231,40
1774707697965,233,40
1774707697965,233,40
1774707697966,230,30
1774707697966,230,30
1774707697969,227,40
1774707697970,227,60
1774707697973,228,10
1774707697974,228,20
1774707697974,231,10
1774707697977,230,20
1774707697977,230,20
1774707697980,227,10
1774707697986,226,50
1774707697987,226,40
1774707697989,227,10
1774707697991,224,100
1774707697992,224,20
1774707697994,226,10
1774707697997,229,10
1774707697997,229,30
1774707697999,226,10
1774707698000,227,20
1774707698002,228,30
1774707698002,228,40
1774707698002,228,10
1774707698010,222,30
1774707698010,222,20
1774707698011,228,10
1774707698011,228,50
1774707698012,228,30
1774707698014,227,60
1774707698015,227,30
1774707698016,228,40
1774707698017,225,30
1774707698018,225,20
1774707698019,227,40
1774707698020,227,30
1774707698020,227,20
1774707698021,226,20
1774707698021,226,50
1774707698021,226,30
1774707698026,226,60
1774707698026,226,10
1774707698026,226,10
1774707698027,224,10
1774707698029,228,80
1774707698029,228,10
1774707698030,223,10
1774707698035,225,20
1774707698037,222,20
1774707698038,223,20
1774707698041,222,50
1774707698042,222,50
1774707698044,221,20
1774707698045,221,20
1774707698051,224,10
1774707698054,221,20
1774707698055,221,60
1774707698055,221,10
1774707698059,223,10
1774707698063,221,40
1774707698065,224,50
1774707698065,224,20
1774707698068,222,10
1774707698068,222,70
1774707698069,222,20
1774707698071,214,30
1774707698073,217,50
1774707698073,217,10
1774707698083,222,20
1774707698086,221,40
1774707698087,221,40
1774707698091,223,30
1774707698091,223,10
1774707698096,223,10
1774707698096,223,70
1774707698098,224,20
1774707698098,224,50
1774707698099,223,20
1774707698099,223,30
1774707698107,222,70
1774707698107,222,20
1774707698108,220,10
1774707698110,215,10
1774707698110,215,90
1774707698111,221,10
1774707698111,221,10
1774707698115,217,10
1774707698116,217,30
1774707698119,214,30
1774707698122,214,30
1774707698123,214,50
1774707698124,216,30
1774707698132,213,20
1774707698133,213,30
1774707698135,210,40
1774707698136,214,30
1774707698137,214,60
1774707698143,210,10
1774707698143,210,50
1774707698144,210,30
1774707698144,214,20
1774707698146,218,40
1774707698146,218,60
1774707698150,217,40
1774707698152,216,10
1774707698155,211,10
1774707698155,211,30
1774707698156,208,40
1774707698157,208,20
1774707698164,214,60
1774707698165,214,10
1774707698166,216,20
1774707698167,216,10
1774707698169,215,60
1774707698169,215,10
1774707698172,216,30
1774707698176,218,10
1774707698177,217,20
1774707698177,217,70
1774707698182,218,20
1774707698186,215,10
1774707698187,215,50
1774707698191,212,10
1774707698194,215,40
1774707698195,215,10
1774707698202,218,10
1774707698202,218,50
1774707698205,216,40
1774707698205,216,30
1774707698207,213,60
1774707698208,213,20
1774707698208,213,20
1774707698208,213,80
1774707698209,213,10
1774707698213,214,80
1774707698216,219,60
1774707698217,214,30
1774707698219,216,40
1774707698222,218,10
1774707698223,218,10
1774707698223,216,20
1774707698228,216,10
1774707698229,216,10
1774707698233,216,50
1774707698236,211,20
1774707698236,211,10
1774707698238,219,10
1774707698238,219,10
1774707698239,219,70
1774707698239,219,10
1774707698243,218,10
1774707698244,219,40
1774707698246,217,10
1774707698247,215,10
1774707698248,215,50
1774707698248,215,20
1774707698255,217,20
1774707698259,218,50
1774707698259,218,50
1774707698260,218,20
1774707698260,218,30
1774707698261,214,20
1774707698263,218,20
1774707698264,218,60
1774707698264,218,10
1774707698270,215,20
1774707698271,215,20
1774707698271,215,20
1774707698272,212,90
1774707698280,215,10
1774707698281,215,50
1774707698282,215,40
1774707698282,215,30
1774707698282,215,40
1774707698283,213,10
1774707698284,213,10
1774707698285,211,10
1774707698288,216,60
1774707698289,216,20
1774707698291,215,20
1774707698293,215,30
1774707698293,215,10
1774707698294,218,90
1774707698297,217,10
1774707698298,217,30
1774707698299,217,40
1774707698299,217,20
1774707698301,218,10
1774707698302,212,10
1774707698305,217,20
1774707698308,219,40
1774707698310,212,10
1774707698318,214,20
1774707698318,214,10
1774707698319,214,30
1774707698319,214,10
1774707698320,214,20
1774707698321,214,40
1774707698323,214,20
1774707698324,212,10
1774707698324,212,10
1774707698325,212,40
1774707698325,213,50
1774707698326,213,10
1774707698329,208,20
1774707698330,214,10
1774707698330,214,20
1774707698332,212,20
1774707698338,212,10
1774707698340,210,50
1774707698340,210,10
1774707698343,215,40
1774707698346,212,50
1774707698346,212,50
1774707698349,214,20
1774707698350,214,30
1774707698352,213,20
1774707698352,213,10
1774707698353,213,30
1774707698357,211,20
1774707698357,211,30
1774707698357,211,20
1774707698358,209,30
1774707698359,209,40
1774707698361,213,40
1774707698365,213,10
1774707698371,212,10
1774707698371,212,10
1774707698371,212,50
1774707698374,210,20
1774707698374,210,20
1774707698375,212,10
1774707698379,210,30
1774707698382,204,20
1774707698382,204,20
1774707698385,206,60
1774707698388,206,20
1774707698388,206,40
1774707698390,204,10
1774707698390,204,60
1774707698391,206,20
1774707698391,206,30
1774707698392,206,10
1774707698392,206,10
1774707698392,206,10
1774707698393,206,20
1774707698396,202,20
1774707698396,202,20
1774707698397,202,60
1774707698399,201,10
1774707698402,203,30
1774707698415,203,10
1774707698416,203,10
1774707698416,203,20
1774707698417,199,30
1774707698424,208,30
1774707698425,208,10
1774707698425,208,20
1774707698429,204,60
1774707698434,202,10
1774707698434,202,50
1774707698435,205,70
1774707698437,202,30
1774707698437,202,10
1774707698440,205,40
1774707698442,208,20
1774707698443,208,20
1774707698443,208,30
1774707698445,208,70
1774707698448,208,10
1774707698450,209,50
1774707698451,204,10
1774707698452,204,40
1774707698453,206,20
1774707698454,204,20
1774707698455,204,70
1774707698459,205,30
1774707698460,205,50
1774707698467,204,50
1774707698468,204,10
1774707698474,203,10
1774707698474,203,20
1774707698475,203,30
1774707698475,200,30
1774707698476,200,60
1774707698476,206,10
1774707698477,206,10
1774707698482,197,30
1774707698482,197,10
1774707698483,197,30
1774707698492,198,30
1774707698498,205,20
1774707698501,203,30
1774707698503,197,10
1774707698503,197,70
1774707698503,197,10
1774707698506,198,20
1774707698508,204,10
1774707698511,202,40
1774707698511,202,10
1774707698512,204,10
1774707698513,204,10
1774707698513,204,50
1774707698517,203,20
1774707698525,202,30
1774707698525,202,30
1774707698528,207,40
1774707698530,207,10
1774707698530,207,50
1774707698531,201,30
1774707698534,205,10
1774707698538,203,50
1774707698538,203,50
1774707698541,202,40
1774707698541,202,30
1774707698542,204,60
1774707698543,204,40
1774707698547,205,10
1774707698550,209,40
1774707698552,206,10
1774707698552,206,50
1774707698553,208,40
1774707698553,208,40
1774707698562,203,30
1774707698563,203,60
1774707698563,203,10
1774707698564,206,70
1774707698568,209,20
1774707698568,209,20
1774707698569,204,20
1774707698572,205,30
1774707698572,205,30
1774707698575,211,30
1774707698584,210,20
1774707698584,210,50
1774707698588,208,40
1774707698588,208,10
1774707698589,206,20
1774707698589,206,40
1774707698600,207,50
1774707698602,208,10
1774707698602,208,60
1774707698602,208,20
1774707698603,206,10
1774707698603,206,10
1774707698604,206,10
1774707698606,203,10
1774707698607,203,20
1774707698616,208,20
1774707698616,208,30
1774707698616,208,10
1774707698617,203,10
1774707698618,203,20
1774707698618,203,10
1774707698619,205,20
1774707698622,205,50
1774707698623,201,10
1774707698624,201,10
1774707698625,209,20
1774707698628,205,20
1774707698630,210,20
1774707698630,210,30
1774707698631,210,10
1774707698632,211,10
1774707698632,211,40
1774707698634,212,20
1774707698636,213,20
1774707698636,213,10
1774707698642,213,10
1774707698642,213,10
1774707698643,213,10
1774707698647,212,20
1774707698652,211,20
1774707698652,211,30
1774707698655,208,20
1774707698655,208,10
1774707698660,204,30
1774707698660,204,50
1774707698661,207,20
1774707698663,206,10
1774707698663,206,60
1774707698664,206,10
1774707698666,208,10
1774707698666,208,30
1774707698667,206,20
1774707698672,209,10
1774707698672,209,20
1774707698674,209,50
1774707698674,209,10
1774707698675,209,40
1774707698677,205,20
1774707698677,205,60
1774707698678,203,30
1774707698679,203,60
1774707698689,207,10
1774707698690,207,20
1774707698690,207,10
1774707698691,207,40
1774707698696,207,10
1774707698699,208,20
1774707698699,208,10
1774707698699,208,40
1774707698700,208,10
1774707698700,208,40
1774707698702,204,40
1774707698702,204,30
1774707698705,207,30
1774707698705,207,10
1774707698709,206,10
1774707698711,206,60
1774707698712,206,30
1774707698713,211,20
1774707698713,211,10
1774707698715,203,80
1774707698718,208,10
1774707698718,208,20
1774707698718,208,10
1774707698724,204,10
1774707698725,202,50
1774707698726,202,40
1774707698727,203,60
1774707698727,203,30
1774707698729,206,10
1774707698735,196,40
1774707698735,196,10
1774707698735,196,40
1774707698736,196,10
1774707698744,199,50
1774707698744,199,20
1774707698749,201,10
1774707698749,201,40
1774707698749,201,50
1774707698750,203,10
1774707698751,203,10
1774707698751,203,20
1774707698751,203,40
1774707698752,203,10
1774707698757,198,50
1774707698758,203,20
1774707698761,196,10
1774707698763,199,10
1774707698763,199,20
1774707698766,201,10
1774707698769,200,20
1774707698769,200,30
1774707698772,202,20
1774707698772,202,40
1774707698772,202,20
1774707698773,198,80
1774707698774,198,20
1774707698774,201,40
1774707698777,203,30
1774707698780,200,40
1774707698783,200,50
1774707698796,199,10
1774707698796,199,30
1774707698796,199,10
1774707698802,201,60
1774707698803,201,10
1774707698803,201,30
1774707698804,202,20
1774707698808,199,10
1774707698823,201,10
1774707698823,201,70
1774707698824,198,20
1774707698832,205,10
1774707698834,201,20
1774707698835,201,50
1774707698835,201,30
1774707698837,200,40
1774707698837,200,60
1774707698843,200,30
1774707698851,201,50
1774707698856,201,10
1774707698857,201,20
1774707698857,201,60
1774707698859,200,30
1774707698862,203,10
1774707698862,203,70
1774707698865,202,10
1774707698866,202,10
1774707698867,197,30
1774707698868,200,10
1774707698874,200,50
1774707698875,200,10
1774707698882,198,70
1774707698882,198,10
1774707698883,194,20
1774707698887,193,20
1774707698887,193,10
1774707698891,190,20
1774707698891,190,10
1774707698894,191,10
1774707698894,191,20
1774707698896,187,20
1774707698897,187,20
1774707698899,187,50
1774707698901,187,30
1774707698901,187,30
1774707698910,188,40
1774707698910,188,50
1774707698912,189,20
1774707698912,189,10
1774707698913,188,20
1774707698915,187,20
1774707698918,191,30
1774707698918,191,10
1774707698919,191,20
1774707698919,190,10
1774707698920,190,10
1774707698920,190,40
1774707698923,188,40
1774707698923,188,40
1774707698924,188,10
1774707698924,188,40
1774707698932,190,30
1774707698932,190,50
1774707698933,187,20
1774707698934,187,40
1774707698940,193,10
1774707698945,189,30
1774707698945,189,40
1774707698951,191,20
1774707698951,191,40
1774707698957,193,20
1774707698957,193,10
1774707698957,193,20
1774707698960,190,30
1774707698961,190,20
1774707698962,194,30
1774707698963,191,40
1774707698964,191,10
1774707698964,191,10
1774707698965,186,10
1774707698966,188,40
1774707698967,188,40
1774707698968,190,10
1774707698969,188,30
1774707698970,188,40
1774707698970,188,10
1774707698973,188,40
1774707698973,188,10
1774707698973,188,20
1774707698975,185,70
1774707698976,185,30
1774707698979,185,10
1774707698979,185,30
1774707698980,188,50
1774707698982,188,50
1774707698982,188,20
1774707698986,185,10
1774707698987,185,10
1774707698991,188,90
1774707698994,188,60
1774707698996,184,20
1774707698996,184,20
1774707698997,188,30
1774707698998,188,50
1774707698999,189,10
1774707698999,189,50
1774707698999,189,20
1774707699010,189,50
1774707699013,188,30
1774707699013,188,60
1774707699014,188,10
1774707699016,185,50
1774707699017,185,40
1774707699019,186,30
1774707699024,190,10
1774707699025,190,70
1774707699026,187,10
1774707699032,190,10
1774707699032,190,20
1774707699033,190,20
1774707699037,192,20
1774707699038,185,10
1774707699038,185,60
1774707699041,191,20
1774707699055,189,30
1774707699058,189,30
1774707699059,189,10
1774707699061,192,50
1774707699062,192,10
1774707699065,188,60
1774707699065,188,20
1774707699068,190,50
1774707699069,190,20
1774707699069,190,20
1774707699071,194,10
1774707699073,189,20
1774707699077,194,10
1774707699079,196,50
1774707699079,196,10
1774707699080,196,20
1774707699082,194,20
1774707699085,194,10
1774707699087,199,20
1774707699087,199,60
1774707699093,197,40
1774707699094,197,10
1774707699098,200,40
1774707699100,199,10
1774707699100,199,60
1774707699101,199,30
1774707699102,199,70
1774707699102,199,30
1774707699103,202,70
1774707699104,201,10
1774707699105,201,30
1774707699111,204,10
1774707699111,204,20
1774707699112,204,70
1774707699112,197,20
1774707699113,197,80
1774707699114,200,20
1774707699115,200,10
1774707699116,200,10
1774707699117,200,50
1774707699117,204,70
1774707699118,204,30
1774707699118,204,20
1774707699119,200,10
1774707699120,200,20
1774707699120,200,10
1774707699122,201,70
1774707699130,197,30
1774707699130,197,60
1774707699140,202,10
1774707699140,202,10
1774707699141,199,20
1774707699142,199,20
1774707699142,199,10
1774707699143,198,20
1774707699146,199,20
1774707699148,196,10
1774707699149,196,90
1774707699153,201,10
1774707699153,201,70
1774707699154,199,80
1774707699155,199,10
1774707699155,199,10
1774707699156,197,70
1774707699157,197,30
1774707699158,199,40
1774707699161,200,10
1774707699167,196,60
1774707699169,193,40
1774707699170,193,10
1774707699174,194,10
1774707699174,194,40
1774707699175,194,20
1774707699176,194,30
1774707699181,197,40
1774707699181,197,10
1774707699182,197,30
1774707699183,195,30
1774707699184,195,30
1774707699185,193,40
1774707699186,193,10
1774707699188,199,30
1774707699189,199,30
1774707699191,192,50
1774707699191,192,20
1774707699194,195,10
1774707699194,195,10
1774707699196,194,20
1774707699197,194,20
1774707699197,192,50
1774707699200,195,40
1774707699201,195,30
1774707699202,198,50
1774707699203,198,40
1774707699207,199,40
1774707699207,199,30
1774707699215,198,10
1774707699219,194,20
1774707699220,194,10
1774707699220,194,60
1774707699221,195,40
1774707699222,195,10
1774707699222,195,10
1774707699223,195,10
1774707699223,196,70
1774707699224,198,20
1774707699225,198,50
1774707699229,199,10
1774707699233,199,20
1774707699236,198,10
1774707699236,198,20
1774707699239,201,50
1774707699240,203,20
1774707699241,203,60
1774707699242,198,10
1774707699242,198,30
1774707699243,198,60
1774707699244,202,10
1774707699244,202,20
1774707699249,203,30
1774707699251,201,20
1774707699252,201,50
1774707699254,198,20
1774707699261,201,60
1774707699261,201,20
1774707699265,195,60
1774707699271,198,10
1774707699272,198,40
1774707699275,196,60
1774707699278,196,10
1774707699279,199,10
1774707699279,199,80
1774707699280,199,10
1774707699281,200,40
1774707699282,200,50
1774707699284,195,20
1774707699287,200,30
1774707699290,196,30
1774707699291,196,60
1774707699293,200,10
1774707699294,200,20
1774707699298,198,40
1774707699303,197,30
1774707699303,197,30
1774707699309,200,20
1774707699312,197,40
1774707699312,197,20
1774707699315,195,80
1774707699316,195,10
1774707699317,195,10
1774707699320,196,10
1774707699320,196,50
1774707699330,194,20
1774707699330,194,40
1774707699331,194,40
1774707699331,191,40
1774707699333,195,10
1774707699333,195,30
1774707699333,195,10
1774707699339,194,50
1774707699340,194,40
1774707699342,191,10
1774707699343,191,10
1774707699343,191